psc;ZUJ;ZUJ_pravdepodobnost
81109;528595;1.0
81108;528595;1.0
81107;528595;1.0
81106;528595;1.0
81105;528595;1.0
81104;528595;1.0
81103;528595;1.0
81102;528595;1.0
81101;528595;1.0
81421;528595;1.0
82109;529320;1.0
82705;529320;1.0
82108;529320;1.0
82601;529320;1.0
82107;529338;0.4688398415393322
82107;529311;0.5311601584606678
82106;529338;0.4688398415393322
82106;529311;0.5311601584606678
82105;529320;1.0
82104;529320;1.0
82103;529320;1.0
82102;529320;1.0
82101;529320;1.0
83154;529354;1.0
83153;529354;1.0
83151;529354;1.0
83152;529346;1.0
83107;529362;1.0
83106;529354;1.0
83104;529346;1.0
83291;529346;1.0
83103;529346;1.0
83102;529346;1.0
83101;529346;1.0
83007;529346;1.0
83005;529354;1.0
83000;529346;1.0
84110;529401;1.0
84108;529371;1.0
84107;529371;1.0
84106;529427;1.0
84008;529427;1.0
84262;529397;1.0
84105;529397;1.0
84104;529397;1.0
84103;529419;1.0
84102;529389;1.0
84402;529389;1.0
84101;529389;1.0
84002;529427;1.0
85110;529494;0.5026921755069309
85110;529443;0.3100011456065987
85110;529435;0.18730667888647037
85107;529460;1.0
85106;529460;1.0
85105;529460;1.0
85104;529460;1.0
85103;529460;1.0
85102;529460;1.0
85101;529460;1.0
85009;529435;1.0
85000;529460;1.0
90875;504874;1.0
90874;504556;1.0
90873;504947;1.0
90872;504980;1.0
90638;504769;0.9879781420765027
90637;504858;1.0
90636;504629;1.0
90635;504637;0.5489614243323442
90501;500267;0.007186155651153696
90101;508063;1.0
90068;508195;1.0
90067;508039;1.0
90066;508349;1.0
90065;508365;1.0
90064;508241;1.0
90063;507962;1.0
90062;508012;1.0
90061;507890;1.0
90055;508055;1.0
90054;507954;0.6034858387799564
90053;508161;1.0
90052;508021;1.0
90051;508381;1.0
90033;508080;1.0
90032;507831;1.0
90031;508233;1.0
90203;508179;1.0
90201;508314;0.055852576498691846
90201;508179;0.9441474235013082
90091;508047;1.0
90090;507881;0.8509687034277198
90089;508187;0.11255270840090821
90089;507857;0.7664612390528706
90088;507873;0.5777777777777777
90086;508268;0.09953822473063109
90086;507946;0.25756798358132377
90086;507849;0.6428937916880452
90085;508322;1.0
90084;507806;0.5505420451215939
90081;508250;1.0
90026;508225;1.0
90023;508306;1.0
90021;507989;1.0
90001;508101;1.0
92526;503983;0.7723880597014925
92526;503681;0.22761194029850745
90301;503983;0.059872012726418164
90301;582549;0.0033262229292454534
90301;503819;0.019125781843161358
90301;503894;0.08073321522831628
90301;508284;0.04389168082721718
90301;503801;0.0375284717451824
90301;503851;0.02823674030152934
90301;508217;0.7272858743989298
90084;555487;0.17286844418400235
90084;555495;0.27658951069440374
90083;507865;1.0
90082;507822;1.0
90050;503894;0.6279527559055118
90050;503797;0.3720472440944882
90046;508110;1.0
90045;508071;1.0
90044;508276;0.8674121405750799
90044;508331;0.13258785942492013
90043;507903;0.6364312267657992
90043;507997;0.3635687732342007
90042;545333;0.6558251591808639
90042;508098;0.34417484081913613
90041;508209;1.0
90029;508136;1.0
90028;555509;0.24000861790369493
90028;507938;0.7509425832166325
90027;507814;1.0
90025;507911;1.0
90024;508292;1.0
93201;501522;1.0
93101;501905;1.0
93052;582522;0.2831765935214211
93052;555517;0.3406478578892372
93052;501484;0.3761755485893417
93051;501972;1.0
93041;501727;0.3742489270386266
93041;501778;0.09527896995708154
93041;501638;0.5304721030042918
93040;501913;0.7247357293868921
93040;501514;0.2752642706131078
93039;501832;0.08216963104512714
93039;502022;0.5307952373952668
93039;580554;0.16051741878582979
93039;501620;0.09201822725268265
93039;501662;0.13449948552109364
93038;501808;1.0
93037;501735;1.0
93036;501590;0.4162236660759992
93036;501735;0.5837763339240007
93035;501786;1.0
93034;501581;1.0
93033;501603;1.0
93032;501956;0.24611032531824611
93032;555606;0.21027817067421029
93032;501492;0.4625176803394625
93031;503461;0.2190247801758593
93031;501999;0.3677058353317346
93031;501549;0.4132693844924061
93030;501891;0.5956989247311828
93030;501441;0.29354838709677417
93030;580597;0.110752688172043
93028;501824;1.0
93025;502006;1.0
93021;501816;0.3595238095238095
93021;555541;0.2029100529100529
93021;501654;0.43756613756613755
93016;502014;1.0
93014;501557;0.5892086330935252
93014;555649;0.41079136690647483
93013;555568;0.2904364569961489
93013;555576;0.709563543003851
93012;501816;1.0
93011;501921;1.0
93010;501611;1.0
93008;501531;0.6200527704485488
93008;501468;0.37994722955145116
93007;501760;0.5950782997762863
93007;501689;0.40492170022371365
93006;501875;0.44600526777875327
93006;501930;0.5539947322212467
93005;501573;1.0
93004;501671;0.2187784867821331
93004;501450;0.5177757520510483
93004;501964;0.2634457611668186
93003;501701;0.33912503878374184
93003;501743;0.22060192367359602
93003;501697;0.4402730375426621
93002;555746;0.17626678215677782
93002;501859;0.7384148982243396
93001;501981;1.0
92901;501883;0.026850098029442063
92901;501867;0.03030605124115243
92901;555720;0.03203402784700761
92901;501719;0.04871564815737879
92901;555673;0.04565845877778885
92901;555665;0.039278237463862026
92901;501506;0.011397999534775528
92901;501433;0.7657594789485926
92601;504009;1.0
92592;503843;0.6604334891627709
92592;504084;0.33956651083722905
92563;555789;1.0
92562;504114;1.0
92555;504157;1.0
92554;504181;0.4484536082474227
92554;504033;0.23969072164948454
92554;503967;0.3118556701030928
92553;503959;1.0
92552;504050;1.0
92551;504041;1.0
92545;503673;0.7193320488118176
92545;503789;0.2806679511881824
92542;504106;1.0
92541;503754;0.2544045102184637
92541;503878;0.7455954897815363
92532;504122;1.0
92528;503975;0.5614035087719298
92528;504149;0.43859649122807015
92527;504149;1.0
92523;503835;1.0
92522;504131;0.9045956951716114
92522;503827;0.0954043048283886
92521;582638;0.09704852426213106
92521;504017;0.9029514757378689
92509;503860;1.0
92508;503703;0.4784758580570099
92508;503860;0.5215241419429901
92507;503924;1.0
92506;503690;1.0
92505;504173;0.7615489130434783
92504;504076;1.0
92503;503771;1.0
92502;503771;0.612878497508624
92502;503746;0.387121502491376
92501;555754;1.0
92401;503843;0.0889219501029984
92401;503762;0.04978255893797207
92401;503665;0.8612954909590296
92242;507288;1.0
92231;507130;0.1659850034083163
92066;556645;0.3363329583802025
92066;556602;0.6636670416197975
92065;507521;1.0
92064;507172;1.0
92063;507415;1.0
92062;507075;0.8681318681318682
92062;556611;0.13186813186813187
92061;506958;0.2714486638537271
92061;507326;0.29957805907172996
92061;506966;0.4289732770745429
92056;507024;1.0
92055;506800;1.0
92052;556521;0.3025038323965253
92052;507539;0.3438937148696985
92052;556530;0.35360245273377616
92042;507792;0.24573758339510748
92042;518620;0.12972572275759822
92042;506885;0.6245366938472943
92041;507253;1.0
92003;507032;1.0
92001;507202;0.0367836558736704
92001;507032;0.9632163441263296
91933;507661;1.0
92241;506991;1.0
92231;507563;0.4662576687116564
92231;507491;0.36775732788002724
92221;558338;0.13378220140515223
92221;556581;0.1519320843091335
92221;507342;0.7142857142857143
92211;507466;1.0
92210;507679;1.0
92209;506834;1.0
92208;507482;0.21305841924398625
92208;507725;0.42061855670103093
92208;507008;0.3663230240549828
92207;507431;0.168004757656854
92207;507709;0.831995242343146
92206;507369;1.0
92205;507121;1.0
92204;506982;0.6574257425742575
92204;507199;0.3425742574257426
92203;558397;0.045941807044410414
92203;556548;0.07519142419601837
92203;507750;0.8788667687595713
92202;507229;1.0
92201;558354;0.11588275391956374
92201;507385;0.4103612815269257
92201;556572;0.3612815269256987
92101;507440;0.9276785415060826
92101;581399;0.07232145849391736
90880;556114;1.0
90879;504220;1.0
90878;504491;1.0
90877;504238;0.9532191945985049
90877;504211;0.046780805401495054
90876;504521;1.0
90871;504572;1.0
90843;504319;1.0
90842;504823;1.0
90841;504891;1.0
90801;504513;1.0
90645;504904;1.0
90635;504645;0.45103857566765576
90634;504726;1.0
90633;504297;1.0
90632;504416;1.0
90631;504360;1.0
90612;504602;0.47540983606557374
90612;504386;0.5245901639344263
90611;504700;1.0
90607;504882;1.0
90605;504653;0.30366748166259167
90605;504840;0.6963325183374083
90604;504327;0.413059427732942
90604;556122;0.280997798972854
90604;556131;0.30594277329420394
90603;504475;0.5426781519185592
90603;504831;0.4573218480814409
90602;504335;1.0
90501;504203;0.9715975752835354
90501;504777;0.021216269065310912
90901;504815;1.0
90885;504271;1.0
90865;504564;1.0
90864;504394;1.0
90863;504599;0.11107986501687289
90863;504483;0.04049493813273341
90863;504548;0.09336332958380203
90863;504742;0.5
90862;504343;1.0
90861;504670;1.0
90851;504912;0.02478476389251239
90851;504378;0.9752152361074876
90849;504432;0.3098311817279047
90849;504718;0.2671300893743793
90849;504963;0.423038728897716
90848;504459;1.0
90847;504734;1.0
90846;504939;1.0
90845;504351;1.0
90844;504530;0.31605562579013907
90844;504611;0.683944374209861
91965;507059;0.10010851871947911
91965;507351;0.1068909386869235
91965;506923;0.660607704829083
91965;507041;0.13239283776451438
91961;506826;0.007083377572843513
91961;507512;0.0251634333904655
91961;506745;0.9677531890366909
91955;507164;1.0
91954;506915;1.0
91953;506893;1.0
91952;506931;1.0
91951;507601;1.0
91943;506877;1.0
91942;556556;0.20140688633839318
91942;507741;0.5957052943354313
91942;556564;0.2028878193261755
91935;581020;1.0
91934;580473;0.035902627721784854
91934;506745;0.9640973722782151
91932;556491;1.0
91930;507156;1.0
91929;507318;1.0
91928;506851;1.0
91927;556661;0.23378141437755698
91927;506842;0.766218585622443
91926;507768;1.0
91925;507636;1.0
91924;556483;1.0
91923;556513;1.0
91922;507296;1.0
91921;507776;1.0
91910;506869;1.0
91909;556670;0.38497061293031065
91909;506796;0.6150293870696893
91908;506818;1.0
91907;506788;1.0
91905;507687;1.0
91904;556688;0.15328467153284672
91904;507555;0.8467153284671532
91903;507067;1.0
91902;506940;1.0
91901;507571;0.5022810218978102
91901;556599;0.10059306569343066
91901;581488;0.20916970802919707
91901;507211;0.18795620437956204
91708;506745;1.0
91705;506745;1.0
91702;506745;1.0
91701;506745;1.0
91771;506745;1.0
90863;556653;0.11670416197975253
95704;542652;1.0
95703;542822;0.052948817874772666
95703;542652;0.8995063652896856
95703;505412;0.03206027539620681
95703;542857;0.006443232008313848
95703;505056;0.009041309431021044
95701;542652;0.926415498233972
95701;542849;0.03146740875521781
95701;542741;0.02697206464732955
95701;505153;0.015145028363480681
95655;542873;0.2736175115207373
95655;542890;0.21255760368663595
95655;505692;0.2868663594470046
95655;556289;0.2269585253456221
95654;505072;0.22073039742212675
95654;545651;0.3651987110633727
95654;505447;0.2787325456498389
95653;543080;0.24148003894839337
95653;505480;0.09639727361246349
95653;505471;0.22005842259006816
95653;505595;0.019961051606621226
95653;505544;0.07254138266796495
95653;542806;0.053554040895813046
95652;505579;0.22888283378746593
95652;505358;0.42415985467756584
95641;505625;0.5016404199475065
95641;542920;0.16601049868766404
95641;505811;0.14698162729658792
95641;505633;0.012795275590551181
95641;505277;0.013123359580052493
95641;543136;0.1594488188976378
95638;556742;0.11286089238845144
95638;556408;0.09886264216972879
95638;505552;0.2230971128608924
95638;556360;0.0621172353455818
95638;505684;0.24234470691163604
95637;542776;0.08480268681780016
95637;505102;0.3434089000839631
95637;505790;0.5717884130982368
95636;556793;0.11429813124728379
95636;505455;0.6592785745328118
95636;505331;0.2264232942199044
95635;505200;0.4904171364148816
95635;505765;0.12288613303269448
95635;505382;0.38669673055242393
01901;513156;1.0
01864;513253;1.0
01863;513296;1.0
01857;513385;0.7924528301886793
01856;512931;1.0
01855;513725;1.0
01854;557421;0.4547960308710033
01854;557404;0.3103638368246968
01854;557412;0.2348401323042999
01853;512885;0.6831330663106364
01853;557391;0.3168669336893636
01852;557625;0.04815618221258135
01852;582301;0.16767895878524947
01852;513598;0.5010845986984815
01852;557617;0.051626898047722344
01852;513024;0.19913232104121475
01851;513440;1.0
01841;513016;1.0
01835;513091;1.0
01832;513865;1.0
01831;513351;1.0
91622;506150;0.37539267015706806
91616;506150;0.5710872162485066
91616;506419;0.09159697331740342
91614;506079;1.0
91613;506141;0.45614035087719296
90703;504971;0.11660635303578609
90703;504581;0.883393646964214
90701;504661;0.03017832647462277
90701;504254;0.07460752934003963
90701;504866;0.058070416095107456
90701;504581;0.8371437280902302
90623;504793;0.5733333333333334
90622;504688;1.0
90621;504424;1.0
90615;504696;0.46033810143042914
90615;504467;0.5396618985695709
90614;504289;0.3361934477379095
90613;504262;1.0
90606;504408;0.114683460391117
90606;504254;0.3244945309910507
90606;504971;0.4806098773616175
91642;506265;1.0
91641;505951;1.0
91638;505846;1.0
91637;506109;1.0
91635;506257;0.19132893496701225
91635;506249;0.44863336475023563
91635;506516;0.1649387370405278
91635;506311;0.1950989632422243
91633;506206;0.4874826147426982
91633;506052;0.5125173852573018
91632;505994;1.0
91631;506125;0.7485084901330886
91631;556459;0.25149150986691143
91627;505919;1.0
91626;506443;1.0
91625;505889;0.22310007524454478
91625;506435;0.2562076749435666
91625;506001;0.5206922498118887
91624;506001;1.0
91623;506401;1.0
91622;506346;0.12356020942408377
91622;506427;0.5010471204188481
91621;505901;1.0
91616;506672;0.06810035842293907
91616;506061;0.26921545201115094
91613;506630;0.543859649122807
91612;506184;1.0
91611;505897;1.0
91601;506524;1.0
91501;506338;0.9318785578747628
91501;505846;0.06812144212523719
91308;506303;1.0
91307;556424;0.0162937214859874
91307;556441;0.16597870953725832
91307;505871;0.29545948294590485
91307;506583;0.21029763197914403
91307;505846;0.3119704540517054
95854;542962;1.0
95853;505463;1.0
95852;505803;1.0
95845;556416;0.36125273124544793
95845;505731;0.6387472687545521
95844;556271;0.0799543118218161
95844;543047;0.9200456881781839
95843;505196;0.5377855887521968
95843;556246;0.46221441124780316
95842;580449;1.0
95841;543055;0.30782608695652175
95841;505722;0.6921739130434783
95806;505315;1.0
95804;505315;1.0
95803;505129;0.022084398441101286
95803;505706;0.02514352763692746
95803;505323;0.021120563215019067
95803;505315;0.898420148346813
95803;580953;0.03323136236013913
95801;505315;1.0
95634;505307;1.0
95633;543004;1.0
95632;556173;0.07712418300653595
95632;505170;0.38823529411764707
95632;556190;0.18496732026143792
95618;542733;1.0
01826;513474;1.0
01822;580864;0.04001280409731114
01822;546640;0.26248399487836105
01822;557609;0.045454545454545456
01822;513601;0.6520486555697823
01821;546640;0.4718066743383199
01821;557480;0.27848101265822783
01821;580856;0.24971231300345226
01817;513172;1.0
01816;557561;0.06208053691275168
01816;557595;0.06501677852348993
01816;557579;0.20134228187919462
01816;513008;0.6715604026845637
01815;513563;0.7016728624535316
01815;558222;0.06923791821561338
01815;557633;0.22908921933085502
01813;513466;1.0
01812;513687;0.36037934668071653
01812;512915;0.6396206533192834
01803;513083;1.0
01802;512966;0.5898078529657477
01802;557510;0.2656641604010025
01802;557552;0.14452798663324978
01801;513741;1.0
01707;512842;1.0
01706;512842;1.0
01705;513822;0.004932495995525158
01705;513784;0.006305458798403295
01705;513245;0.006305458798403295
01705;512842;0.9824565864076682
01704;512842;1.0
01701;518913;0.0339025426907018
01701;512842;0.9660974573092982
97271;514268;1.0
97251;514357;0.07083859125846048
97251;513997;0.9291614087415395
97248;514349;0.24010439321444105
97248;514004;0.46628969117007396
97247;514292;1.0
97246;513946;1.0
97245;513911;1.0
97244;514063;1.0
97243;514454;1.0
97242;514306;0.05812807881773399
97242;514136;0.7517241379310344
97241;514110;1.0
97232;514021;0.7118730808597749
97232;557706;0.2881269191402252
97231;514357;0.0674457976079952
97231;557714;0.030910381737753262
97231;513997;0.8846594942930479
97229;513938;0.6971428571428572
97229;514403;0.3028571428571429
97228;514420;1.0
97227;514217;0.14538498326159732
97227;514144;0.5758010521281683
97226;514101;0.13672922252010725
97226;514365;0.19731903485254693
97226;514381;0.10563002680965147
97226;514233;0.5160857908847185
97226;513971;0.04423592493297587
97225;513962;1.0
97224;513954;1.0
97223;513989;1.0
97222;514012;0.34732192159028163
97222;514250;0.6526780784097184
97221;514241;1.0
97217;514071;1.0
97216;514331;0.7092391304347826
97216;514314;0.2907608695652174
97215;514080;1.0
97214;514411;1.0
97213;514225;0.7649334945586457
97213;514187;0.2350665054413543
97212;514209;1.0
97211;514128;0.5278369333738971
97211;514322;0.4186188013386066
97205;514373;1.0
97202;514284;0.7479518072289156
97202;514098;0.2520481927710843
97201;514390;0.08188860199188491
97201;513903;0.918111398008115
97101;514179;0.014713930871889866
97101;513920;0.026754515219130214
97101;513881;0.9476066181113965
97101;514438;0.010924935797583463
90606;514039;0.08021213125621478
02072;513407;1.0
02071;557447;1.0
02064;500348;1.0
02063;513318;1.0
02062;513121;0.35517970401691334
02062;557501;0.27610993657505284
02061;557692;0.09227114927827516
02061;513326;0.7242828430476886
02061;512958;0.18344600767403618
02055;513300;1.0
02054;513342;1.0
02053;513334;0.7567567567567568
02053;557498;0.24324324324324326
02052;513377;0.4265905383360522
02052;513814;0.5734094616639478
02051;512940;1.0
02001;513610;0.8858692896618161
02001;557471;0.053034528215788676
02001;557439;0.061096182122395176
01861;513776;0.1361278564418898
01861;512851;0.8638721435581102
91451;506613;1.0
91443;506354;0.7044095665171899
91443;505935;0.29559043348281017
91442;506036;1.0
91441;506281;1.0
91401;506559;1.0
91338;506508;1.0
91336;506478;1.0
91333;505943;0.4809748427672956
91333;506010;0.5190251572327044
91332;505943;0.8775100401606426
91332;506044;0.12248995983935743
91331;546682;1.0
91326;506273;0.38146341463414635
91326;581348;0.09707317073170732
91326;506290;0.38195121951219513
91325;505854;1.0
91324;506532;0.5700465782873522
91324;506648;0.2762450734503762
91324;506028;0.1537083482622716
91323;505978;1.0
91322;506591;0.6140264835703776
91322;506605;0.38597351642962235
91321;506231;0.2552257525083612
91321;506567;0.7447742474916388
91311;506656;0.1446669391091132
91311;545741;0.6953412341642828
91311;506168;0.07315079689415611
91311;506371;0.08684102983244789
91305;505838;0.21915054033676803
91305;545686;0.41492837396330734
91305;506541;0.10655943704448353
91305;506095;0.2593616486554411
91304;506087;0.7103939647946353
91304;506133;0.28960603520536465
91303;505960;1.0
91108;505820;1.0
91106;505820;1.0
91105;505820;0.9791961075434235
91105;556475;0.02080389245657657
91101;505820;1.0
94701;501247;0.08503859821100355
94701;501140;0.9149614017889964
94703;501140;1.0
94657;501115;1.0
94656;501123;1.0
94655;501328;1.0
94654;501034;1.0
94652;501166;1.0
94651;501280;1.0
94639;501174;0.7716637781629117
94639;501310;0.22833622183708838
94638;501336;0.6970588235294117
94638;555827;0.3029411764705882
94637;501255;1.0
94636;501212;1.0
94635;501077;1.0
94634;501395;1.0
94633;501263;1.0
94632;501239;0.8580455879034078
94632;501271;0.02798465357707064
94632;501352;0.11396975851952156
94631;501158;1.0
94621;501387;1.0
94619;501093;0.5209479475243335
94619;501379;0.2890393567498942
94619;501191;0.1900126957257723
94617;501069;0.28732227488151657
94617;501344;0.7126777251184834
94616;501042;0.4456140350877193
94616;580911;0.5543859649122806
94615;501361;1.0
94614;555819;0.07207547169811321
94614;501417;0.8743396226415094
94614;501221;0.05358490566037736
94613;501301;1.0
94612;501425;1.0
94603;501204;0.9602179836512261
94603;501107;0.03978201634877384
94602;501085;1.0
94601;501182;1.0
94505;501026;1.0
94504;501026;1.0
94501;501409;0.016204118173679498
94501;501026;0.9837958818263205
95652;502669;0.3469573115349682
93701;502987;0.8158434971621785
93701;502961;0.017026929114841202
93701;502537;0.020528921627822726
93701;502456;0.0708851587972467
93701;502731;0.07571549329791089
93601;581895;0.03850224927229426
93601;502782;0.9614977507277057
93587;502090;0.26268412438625205
93587;502715;0.5392798690671031
93587;502201;0.19803600654664485
93586;545350;1.0
93585;502189;0.273972602739726
93585;502154;0.4901065449010654
93585;502723;0.2359208523592085
93584;502871;0.28035538005923
93584;502243;0.24925962487660414
93584;502278;0.31638696939782823
93584;502740;0.1539980256663376
93582;502367;0.15410573678290213
93582;502642;0.8458942632170978
93581;502286;0.43315508021390375
93581;502928;0.5668449197860963
93577;502944;1.0
93575;502499;0.37893531768746425
93575;502375;0.4745277618775043
93575;502448;0.14653692043503147
93574;502626;0.6875
93574;502073;0.3125
93571;502791;1.0
93569;502651;1.0
93568;502120;1.0
93567;502511;0.48
93567;502600;0.52
93566;502227;1.0
93565;502910;1.0
93564;502464;0.4515209125475285
93564;502472;0.5484790874524715
93563;555843;1.0
93562;502677;1.0
93561;502324;1.0
93557;503002;0.1323918799646955
93557;502391;0.8676081200353045
93556;502570;0.8256107834877844
93556;502758;0.17438921651221567
93555;502979;0.44905320108205593
93555;502251;0.5509467989179441
93552;502804;1.0
93551;502618;0.32281731474688186
93551;502847;0.27879677182685253
93551;502880;0.15774027879677183
93551;502049;0.24064563462949376
93541;502511;0.14444778814324405
93541;502821;0.8555522118567559
93538;502481;1.0
93537;502197;0.7726887192536047
93537;502294;0.22731128074639526
93536;502065;0.18692964380335592
93536;556777;0.014424492198999116
93535;502812;0.5350978135788262
93535;502359;0.26352128883774456
93535;502502;0.20138089758342922
93534;502936;1.0
93533;502596;1.0
93532;502413;1.0
93531;502171;0.41338582677165353
93531;502952;0.1377952755905512
93531;502260;0.44881889763779526
93529;502332;1.0
93527;502341;1.0
93526;502766;1.0
93525;502588;1.0
93524;502111;1.0
93523;502707;0.8989769820971867
93522;502421;1.0
93521;581160;0.15160472972972974
93521;581135;0.08044763513513513
93521;502863;0.7679476351351351
93506;502383;1.0
93505;502898;0.09197751660705161
93505;502693;0.9080224833929484
93504;502162;1.0
93503;502219;0.22563496751329
93503;502634;0.07501476668635558
93503;502057;0.6993502658003544
93502;502103;0.1940983606557377
93502;502995;0.8059016393442623
93405;502031;1.0
93401;502588;0.040873617427432486
93401;502430;0.02220537869855707
93401;502332;0.039329627758127
93401;502031;0.8975913761158835
01852;580937;0.032321041214750545
95201;500933;0.8788994579114248
95201;501018;0.04213971565920016
95201;500798;0.028127237393883606
95201;500569;0.05083358903549146
95188;500470;1.0
95178;500411;1.0
95174;500992;1.0
95173;500372;1.0
95161;555967;0.41338582677165353
95161;500160;0.5866141732283464
95154;556785;0.5331491712707183
95154;500518;0.46685082872928174
95153;500402;0.6517367458866545
95153;581623;0.3482632541133455
95151;500631;1.0
95148;500356;1.0
95146;500674;0.21540599563232082
95146;582697;0.07742703990470517
95145;545635;0.5508637236084453
95145;582425;0.4491362763915547
95144;581097;0.09811165845648605
95144;500941;0.9018883415435139
95143;500381;0.4593212459321246
95143;500101;0.5406787540678754
95142;500950;1.0
95141;580899;1.0
95137;500712;1.0
95136;500453;1.0
95135;500887;1.0
95134;500046;1.0
95126;500780;1.0
95125;500313;1.0
95124;582387;0.3074176913923046
95124;500399;0.07298690995636652
95124;500534;0.10551368504561681
95124;500640;0.514081713605712
95123;500488;0.7150735294117647
95122;500020;1.0
95121;500704;1.0
95117;545589;1.0
95116;555991;1.0
95115;500577;0.6379912663755458
95115;500691;0.14279475982532752
95115;500844;0.14912663755458516
95115;581691;0.07008733624454148
95113;500071;1.0
95112;558320;1.0
95108;500232;1.0
95107;555886;0.7352079671939075
95107;555908;0.26479203280609254
95106;500917;1.0
95105;500895;0.8057482656095144
95105;500666;0.19425173439048563
95104;555860;0.6100872938894277
95104;555851;0.38991270611057227
95103;500411;0.5899581589958159
95103;500135;0.4100418410041841
95102;555959;0.14826021180030258
95102;500682;0.4205748865355522
95102;500194;0.43116490166414523
95101;556696;0.6811414392059554
95101;582719;0.3188585607940447
94911;500011;1.0
94907;500011;1.0
94905;500011;1.0
94901;500011;1.0
94365;503347;0.12955729166666666
94365;503037;0.12760416666666666
94365;503312;0.10026041666666667
94365;503231;0.4130859375
94365;503207;0.2294921875
94361;503355;0.2801182557280118
94361;503525;0.7198817442719881
94360;556092;1.0
94359;556033;0.32819722650231126
94359;503541;0.6718027734976888
94358;503258;1.0
94357;503240;1.0
94356;503088;1.0
94355;503100;1.0
94354;503568;1.0
94353;503061;0.0799114826653553
94353;503339;0.09933611999016474
94352;503401;1.0
94342;503576;0.11777777777777777
94342;503436;0.20825396825396825
94342;503185;0.673968253968254
94304;582361;1.0
94301;503584;1.0
94201;503592;1.0
94162;503371;0.4482988659106071
94162;503266;0.5517011340893929
94151;503487;1.0
94150;503134;1.0
94149;503053;1.0
94148;503479;1.0
94147;503495;1.0
94146;503606;1.0
94145;503363;1.0
94144;556025;0.20680628272251309
94144;503193;0.7931937172774869
94143;503151;1.0
94142;503631;1.0
94141;503070;1.0
94137;503550;1.0
94136;503517;1.0
94135;503169;1.0
94134;503215;1.0
94133;503274;1.0
94132;503533;0.8156766687078996
94132;503118;0.18432333129210043
94131;503177;0.8961993546073862
94131;503096;0.10380064539261384
94123;503029;0.4317637669592977
94123;503649;0.5682362330407024
94122;503649;1.0
94121;503291;1.0
94111;503452;1.0
94110;503509;0.1388929458156857
94110;503223;0.10413319702059295
94110;503614;0.7569738571637213
94107;503380;1.0
94106;503282;1.0
94105;503126;1.0
94104;503398;1.0
94103;556050;1.0
94102;503321;0.9560853199498118
94101;503045;1.0
94002;503011;1.0
95133;500241;1.0
95132;555878;1.0
95131;500739;1.0
92705;504025;0.9586803041274439
92705;503720;0.04131969587255612
92701;504025;1.0
92591;503886;1.0
92585;503932;1.0
92584;504165;1.0
92583;504190;1.0
92582;504068;1.0
92581;503711;1.0
92572;503991;1.0
92571;504092;1.0
97242;505340;0.055763546798029556
95638;556327;0.1141732283464567
95638;505251;0.14654418197725283
95632;505439;0.34967320261437906
95631;556351;0.17062737642585551
95631;556149;0.8293726235741445
95622;505226;0.11035714285714286
95622;505617;0.16285714285714287
95622;505374;0.7267857142857143
95621;581704;0.15084134615384615
95621;505561;0.14623397435897437
95621;556157;0.36157852564102566
95619;543101;1.0
95617;505498;1.0
95616;505242;0.6115226337448559
95616;556297;0.388477366255144
95615;543071;1.0
95614;505285;0.6033848417954378
95614;505510;0.39661515820456217
95613;543063;0.3720529039677976
95613;542971;0.6279470960322024
95612;505404;0.6036734693877551
95612;542661;0.14857142857142858
95612;543039;0.24775510204081633
95611;542938;0.36492774920401666
95611;556262;0.19568944403624786
95611;505048;0.4393828067597355
95608;542938;0.8036677454153183
95608;542792;0.19633225458468176
95607;505714;0.6747915330339962
95607;505137;0.17479153303399614
95607;542695;0.0782552918537524
95607;505064;0.07216164207825529
95606;556220;0.1643835616438356
95606;505536;0.41579371474617244
95606;556211;0.26994359387590655
95606;556238;0.1498791297340854
95605;505421;0.6052547260493432
95605;505234;0.39474527395065684
95603;543110;0.23443815683104285
95603;542881;0.274858528698464
95603;542954;0.49070331447049315
95602;505641;1.0
95601;542717;0.5103170608958228
95601;505021;0.07926522395571213
95601;542709;0.08706592853548062
95601;505676;0.18822345244086564
95503;504998;1.0
95501;505773;0.01912647219280511
95501;505749;0.0168158916594461
95501;556165;0.027277686852154936
95501;581658;0.031257019992939894
95501;504998;0.8102756650941882
95501;580457;0.04775199768941946
95501;581305;0.03128911138923655
92505;505757;0.23845108695652173
97227;500607;0.27881396461023433
96801;517305;0.10875358753587536
96654;517305;1.0
95305;500151;0.08906512124447155
95305;500968;0.9109348787555285
95301;500551;0.04117601785576849
95301;500968;0.9194181482336643
95301;500127;0.03940583391056723
95197;582816;1.0
95196;500364;1.0
95195;500658;1.0
95194;500283;1.0
95193;500828;0.7106438896189224
95193;500500;0.2893561103810775
95192;500461;0.5696821515892421
95192;500984;0.43031784841075793
95191;500542;0.24603914259086673
95191;500305;0.3494874184529357
95191;500976;0.0983224603914259
95187;500925;1.0
95185;500721;1.0
95182;555916;0.3491666666666667
95182;555924;0.2775
95182;555932;0.37333333333333335
95181;500585;1.0
95177;500437;0.6878402903811253
95177;500429;0.3121597096188748
95176;500321;0.22148541114058357
95176;500810;0.7785145888594165
95175;500062;1.0
95172;500593;1.0
95171;500747;0.6679672259071401
95171;500836;0.3320327740928599
95152;500909;0.3628526645768025
95152;500755;0.6371473354231975
90054;517631;0.39651416122004357
01401;581984;0.07869884575026233
01401;517461;0.9213011542497377
01362;518085;1.0
01361;517691;1.0
01356;517623;1.0
01355;518018;1.0
01354;517674;1.0
01353;517861;1.0
01352;517992;1.0
01351;517798;0.4295922656578394
01351;517895;0.5704077343421605
02357;509361;0.41117216117216115
02357;509337;0.5888278388278388
02356;509299;1.0
02355;509515;1.0
02354;509507;0.9211665817626082
02354;509167;0.07883341823739175
02353;509361;0.3276575042568718
02353;509485;0.6723424957431282
02352;509337;0.41103771574685705
02352;509485;0.588962284253143
02351;509400;1.0
02322;509213;0.848293768545994
02321;509230;1.0
02314;509451;1.0
02313;509159;1.0
02312;509493;1.0
02311;509523;0.3822083147071971
02311;509485;0.6177916852928028
02305;509311;1.0
02304;509221;0.13177914110429448
02304;509477;0.6723926380368098
02304;509396;0.1958282208588957
02303;509531;1.0
02302;509183;0.14541730670762928
02302;509248;0.8545826932923707
02301;509345;1.0
02204;509400;0.19441950410939982
02204;509132;0.8055804958906002
02201;509400;0.18357897482718144
02201;509523;0.05575844528498761
02201;509132;0.7606625798878309
03854;509744;0.17373737373737375
02755;509639;0.32664691132892637
02755;509698;0.3656257123318897
02755;510041;0.12354684294506496
02755;509761;0.184180533394119
02754;509922;0.4298804780876494
02754;510165;0.5701195219123506
02753;509701;1.0
02751;510254;0.7904483430799221
02751;509744;0.20955165692007796
02741;509671;0.18653717347622237
02741;509957;0.4531145344943068
02741;510009;0.16008037508372405
02721;510254;1.0
02705;510211;1.0
02601;509710;0.017873664732105308
02601;509540;0.7609975607704601
02601;509965;0.007107410211119523
02601;509973;0.03936411809235428
02601;509833;0.024055849945327615
02601;580813;0.02430818403566322
02601;510017;0.03785011355034065
02601;509990;0.0074438556649003285
02601;509825;0.035074438556649004
02601;510181;0.033476322651190174
02601;509787;0.012448481789889814
02404;509256;1.0
02401;509256;1.0
02345;509205;0.7659671532846716
02345;509175;0.23403284671532848
02341;509302;1.0
02336;509281;0.026531103356996752
02336;580791;0.09150523402719288
02336;509256;0.8819636626158104
02335;509329;1.0
02334;509272;0.28993729471484025
02334;509264;0.7100627052851598
02333;509370;1.0
02332;509469;0.06891076532232454
02332;509256;0.9310892346776755
02331;509442;0.314631122132672
02331;509426;0.5623062616243025
02331;509434;0.12306261624302542
97231;510513;0.016984326361203648
03301;510947;0.08783621035728623
03301;558281;0.10020072260136491
03301;510521;0.03829787234042553
03301;580287;0.10461661983139302
03301;510726;0.574387796065837
03261;511129;1.0
03244;510611;1.0
03242;511111;0.3358358358358358
03242;510963;0.6641641641641641
03234;510874;0.3326530612244898
03234;511188;0.2163265306122449
03234;510858;0.45102040816326533
03233;510564;0.13906976744186048
03233;510467;0.34418604651162793
03233;511170;0.5167441860465116
03232;511170;1.0
03231;510467;1.0
03223;510572;0.2311516155758078
03223;510700;0.1300745650372825
03223;510602;0.03935376967688484
03223;510335;0.05468102734051367
03223;556807;0.03686826843413422
03223;510971;0.0936205468102734
03223;510351;0.0463960231980116
03223;510653;0.2506213753106877
03221;511072;0.08035062089116143
03221;510327;0.7246165084002922
03221;510921;0.10372534696859022
03221;510319;0.0620891161431702
03221;510688;0.029218407596785977
03215;510831;0.15620998719590268
03215;510904;0.8437900128040973
03214;510424;0.22808716707021792
03214;510696;0.18305084745762712
03214;510793;0.588861985472155
03213;511153;1.0
03212;510408;0.6941775014132278
03211;510416;0.1980891719745223
03211;511048;0.564968152866242
03211;510581;0.23694267515923567
03205;511013;0.5420560747663551
03205;511200;0.37149532710280375
03204;507393;0.051264367816091956
03204;510271;0.1225287356321839
03204;510751;0.14413793103448275
03204;510505;0.08505747126436781
03203;511099;0.328239608801956
03203;510734;0.671760391198044
03202;511196;1.0
03105;510262;0.9389651141327755
03105;510327;0.06103488586722451
03104;510262;0.987479374939338
03104;511145;0.012520625060661943
03101;510912;0.012352663837812352
03101;510262;0.9593587930221593
03101;510777;0.018324689611818323
03101;510386;0.009963853528209964
02732;510459;0.04298391569606212
02732;511137;0.011092623405435386
02732;510840;0.03438713255684969
97242;512508;0.13438423645320197
03861;557358;0.7886392272154557
03861;512711;0.10751784964300715
03861;512435;0.09439311213775725
03854;512656;0.20565656565656565
03854;512389;0.4391919191919192
03854;512567;0.07838383838383839
03854;512486;0.10303030303030303
03853;512681;1.0
03852;512648;1.0
03851;512702;1.0
03843;512737;0.062683284457478
03843;512354;0.6440615835777126
03843;512613;0.16165689149560117
03843;512397;0.04398826979472141
03843;512630;0.08760997067448681
03842;512257;0.05559673832468495
03842;512419;0.05744996293550778
03842;512150;0.2071905114899926
03842;512541;0.1412157153446998
03842;512524;0.4084507042253521
03842;512061;0.1300963676797628
03841;512672;0.10174418604651163
03841;512664;0.2180232558139535
03841;512753;0.19476744186046513
03841;512371;0.48546511627906974
03840;512834;1.0
03835;512761;1.0
03831;512796;1.0
03815;512079;0.9019434628975265
03815;512346;0.0980565371024735
03812;512478;1.0
03811;512052;1.0
03804;512133;1.0
03803;512818;0.08822003113648158
03803;512591;0.09392838609237156
03803;512583;0.33471717695900366
03802;545961;0.1734271523178808
03802;512214;0.42177152317880795
03802;512290;0.07698675496688742
03802;512206;0.12458609271523179
03802;512168;0.20322847682119205
03601;512036;1.0
02964;509892;1.0
02963;509850;0.3977728861841253
02963;509566;0.12145539298200181
02963;509884;0.4807717208338729
02962;509931;1.0
02957;509906;1.0
02956;510203;1.0
02955;509884;1.0
02954;509779;0.5078288100208769
02954;509817;0.4921711899791232
02953;509591;1.0
02952;509558;0.3124864747890067
02952;509680;0.6875135252109933
02951;509809;0.5965043695380774
02951;510149;0.20973782771535582
02951;510092;0.1937578027465668
02947;509914;0.6455490578297596
02947;510050;0.3544509421702404
02946;510050;1.0
02945;510033;1.0
02944;510025;1.0
02943;510246;1.0
02942;509582;1.0
02941;509728;1.0
02901;510157;0.17341040462427745
02901;509868;0.8265895953757225
03496;510548;0.6683630195080577
03496;511102;0.33163698049194235
03495;510599;0.8685664437336436
03495;510866;0.1314335562663565
03492;511030;1.0
03491;510441;0.35859089398471256
03491;510807;0.35692921236291125
03491;511064;0.2844798936523762
03484;511005;1.0
03483;510955;0.03195304858167591
03483;510670;0.3361591131398761
03483;510301;0.21421584610368438
03483;507407;0.09096837300293446
03483;510742;0.09814150635800456
03483;507300;0.22171503097489403
03482;510815;0.5700966850828729
03482;510530;0.15538674033149172
03481;510785;1.0
03474;510718;1.0
03473;510637;1.0
03472;510629;1.0
03471;510823;1.0
03406;510998;1.0
03403;510998;1.0
03401;510998;0.8416607806406043
03401;511056;0.02668673033811381
03401;510661;0.03992261155298959
03401;510599;0.09172987746829224
03901;512141;0.010646900269541779
03901;512729;0.8641509433962264
03901;512559;0.029514824797843665
03901;512265;0.062264150943396226
03848;512699;1.0
03847;512605;1.0
03846;512273;1.0
03845;512788;0.21805183199285075
03845;512095;0.21447721179624665
03845;512303;0.08042895442359249
03845;512443;0.4870420017873101
03844;512451;0.0958904109589041
03844;512087;0.2219178082191781
03844;512109;0.2
03844;512320;0.4821917808219178
03823;512125;0.1614497528830313
03823;512222;0.5749588138385503
03822;512338;0.04826802952867689
03822;512621;0.5059625212947189
03822;512427;0.03180011357183418
03822;512044;0.10107893242475866
03822;512494;0.05224304372515616
03822;512117;0.07722884724588303
03822;512311;0.06984667802385008
03822;512575;0.1135718341851221
03821;512460;1.0
02743;509876;1.0
02801;509604;0.12238137869292748
02801;510190;0.08057296329453895
02801;510106;0.6457475380483437
02744;510084;0.07223546481500674
02744;510114;0.9277645351849932
02742;509949;0.36203522504892366
02742;509981;0.6379647749510763
02732;510238;0.5305047143649473
02732;509655;0.3810316139767055
02713;510076;0.5815347721822542
02713;509663;0.4184652278177458
02712;510173;0.26643807987091567
02712;509795;0.5974183138362242
02712;518719;0.13614360629286001
94353;517429;0.8207523973444799
01323;518093;1.0
03204;517682;0.3793103448275862
01501;581712;0.0407934131736527
01501;518077;0.045533932135728546
01501;517780;0.04129241516966068
01501;517917;0.7356536926147704
01501;557986;0.13672654690618763
01342;517593;1.0
01341;547590;0.15740329035126724
01341;517526;0.7341040462427746
01341;547620;0.1084926634059582
01332;517500;0.5456081081081081
01332;518000;0.4543918918918919
01331;517496;0.2951198382904996
01331;517488;0.7048801617095004
01325;517950;1.0
01324;558168;0.12870956985661888
01324;517984;0.8712904301433811
01322;517941;1.0
01319;517640;0.3207941483803553
01319;518131;0.46029258098223613
01319;557994;0.21891327063740856
01318;517739;0.5560958666203543
01318;517879;0.32962834317471346
01315;517470;0.059322033898305086
01315;517925;0.6151545363908275
01315;517542;0.3255234297108674
01314;517658;0.54524089306698
01313;517968;0.18598326359832637
01313;517933;0.5943514644351464
01313;517721;0.2196652719665272
01312;518051;1.0
01311;517755;0.3412189254210104
01311;557935;0.37650360866078586
01311;557960;0.10445068163592622
01306;518042;1.0
01305;517763;0.24643782383419688
01305;517518;0.47150259067357514
01305;517771;0.282059585492228
01304;517518;0.6838891498356036
01304;517976;0.31611085016439644
01303;518069;0.7070780399274047
01303;517712;0.2929219600725953
01302;517828;0.3466148364107548
01302;517551;0.46938775510204084
01302;517704;0.18399740848720442
01301;518034;1.0
01015;517402;1.0
01014;517402;1.0
01009;517402;1.0
01008;517402;1.0
01007;517402;1.0
01004;547611;0.008271887250326675
01004;517577;0.010290274407317529
01004;547522;0.009426918051148031
01004;547557;0.007665204405450812
01004;517402;0.9643457158857569
01003;517402;1.0
01001;517801;0.015613276644396013
01001;517402;0.984386723355604
97696;508764;1.0
97662;508675;0.9488761568973116
97662;508896;0.05112384310268841
97661;508756;0.5672020287404903
97661;508616;0.4327979712595097
97655;508748;0.5745573159366263
97655;509027;0.35880708294501396
97655;508926;0.06663560111835974
97639;508560;1.0
97637;508659;1.0
97634;509060;0.250187265917603
97634;508713;0.17865168539325843
97634;508721;0.2595505617977528
97634;508969;0.31161048689138576
97633;508918;0.7198681732580038
97633;508586;0.1967984934086629
97633;508837;0.08333333333333333
97632;508454;1.0
97631;557293;0.6640986132511556
97631;580236;0.3359013867488444
97613;509001;0.7400271985494107
97613;508799;0.0528105167724388
97613;508861;0.2071622846781505
97611;508985;0.5967424880651503
97611;508942;0.2833473743330525
97611;508471;0.06206121875877563
97603;508594;0.7646528403967539
97603;508551;0.23534715960324618
97602;508802;0.12883435582822086
97602;557269;0.1950920245398773
97602;509019;0.6760736196319018
97411;508438;1.0
97409;508438;1.0
97405;580244;0.01440676873073401
97405;508641;0.005133298079527427
97405;508438;0.9804599331897386
97404;508438;1.0
97401;508977;0.004394956848398542
97401;508543;0.005389346526388156
97401;508519;0.0055243870999423005
97401;508781;0.005057883300391618
97401;508632;0.007869182513473367
97401;557277;0.004800078569060977
97401;557285;0.014019666818075795
97401;509035;0.0027376407184158515
97401;508438;0.933228574585364
97401;509019;0.006764305093484906
97401;508969;0.010213977927004432
96982;517071;1.0
96981;517283;1.0
96973;517178;1.0
96972;516597;1.0
96901;517372;0.010672623479771656
96901;516716;0.01596756846198395
96901;517160;0.007115082319847771
96901;516678;0.011334491602548192
96901;516643;0.796558285761562
96901;516651;0.038305617605692066
96901;516856;0.028956730371473484
96901;516601;0.013816497062960205
96901;517283;0.06726234797716554
96615;516953;0.12087087087087087
96615;516627;0.8791291291291291
01318;517143;0.11427579020493227
97701;508691;0.001922602908553118
97701;508497;0.9889573576534385
97703;508497;1.0
97701;557251;0.00808479171801824
97698;508535;1.0
97697;508829;0.86112493777999
97697;508951;0.13887506222000995
97681;508853;1.0
97675;508705;1.0
97673;509051;1.0
97671;509043;1.0
97669;509094;0.1633450566627589
97669;508870;0.8366549433372411
97668;508608;1.0
97667;509124;1.0
97666;508900;1.0
97664;508462;0.422132649322096
97664;508446;0.32869182850861123
97664;508489;0.24917552216929278
97663;508934;1.0
97657;508772;1.0
97656;508888;1.0
97653;508578;0.02261338815366825
97653;508730;0.029294616471797506
97653;508993;0.02531157651291276
97652;508527;1.0
97646;509086;1.0
97645;508845;0.2375249500998004
97645;508667;0.7624750499001997
97644;508811;1.0
02741;508624;0.20026791694574683
98551;511731;1.0
98545;511510;0.21534936998854526
97653;518468;0.9227804188616214
96275;518450;1.0
96225;518816;0.11777615215801024
96225;518824;0.3928310168251646
96225;518492;0.175932699341624
96225;518930;0.11704462326261887
96225;518794;0.1964155084125823
96212;518379;0.05962958328119134
96212;518824;0.06720060067576022
96212;518263;0.8731698160430484
96205;518271;0.08427897488206043
96205;518468;0.9157210251179395
96204;580520;0.3511111111111111
96204;518549;0.6488888888888888
96202;518921;1.0
97611;518743;0.02611625947767481
96301;518557;0.9354241264353624
96301;518999;0.009013458451660699
96301;518255;0.05556241511297691
96271;518603;0.0812125748502994
96271;518841;0.0782185628742515
96271;518409;0.29229041916167664
96271;518387;0.5164670658682635
96271;518832;0.03181137724550898
96268;518867;0.366436203645506
96268;518344;0.07479572595851666
96268;518425;0.5587680703959774
96266;518735;1.0
96265;518573;0.10089949159170904
96265;518280;0.11928040672663277
96265;518531;0.05631599530700039
96265;518646;0.08330074305827141
96265;518336;0.08330074305827141
96265;518417;0.556902620258115
96255;518701;1.0
96252;518239;1.0
96251;518441;0.23016905071521457
96251;518352;0.13914174252275682
96251;518247;0.305591677503251
96251;518310;0.3250975292587776
96244;518565;0.09937238493723849
96244;518611;0.7887029288702929
96244;518883;0.11192468619246862
96243;518433;0.20350109409190373
96243;518751;0.7964989059080962
96241;518212;0.4900173611111111
96241;518301;0.0546875
96241;518484;0.08159722222222222
96241;518514;0.06770833333333333
96241;518255;0.1953125
96241;518905;0.07682291666666667
96241;518956;0.033854166666666664
98601;511404;0.05991694680640696
98601;511811;0.021686111660404718
98601;511871;0.08760134467075341
98601;511331;0.03829675037901259
98601;511234;0.040669698767385146
98601;511391;0.6557906532199591
98601;558273;0.021092874563311582
98601;557315;0.07494561993276647
98559;557307;1.0
98558;511323;0.37321842890288365
98558;511790;0.5309910507126284
98558;511862;0.0957905203844879
98557;511439;0.6374881065651761
98557;511668;0.362511893434824
98556;557331;0.08357515960533952
98556;511919;0.7974463145676146
98554;511552;0.7859463850528026
98554;511749;0.2140536149471974
98553;511641;0.571078431372549
98553;511374;0.13676470588235295
98553;511366;0.29215686274509806
98552;511358;0.7085514834205934
98552;511838;0.2914485165794066
98542;512010;0.43597751405371643
98541;511781;0.15127388535031847
98541;511854;0.4681528662420382
98541;511293;0.38057324840764334
98532;511994;0.36349453978159124
98532;511692;0.28978159126365055
98532;511463;0.12909516380655225
98532;557340;0.21762870514820593
98531;511480;0.061971830985915494
98531;511625;0.23881064162754304
98531;511544;0.07699530516431925
98531;511722;0.05978090766823161
98531;511927;0.27136150234741785
98531;511803;0.29107981220657275
98522;511901;0.1588211215718379
98513;511757;0.29836829836829837
98513;511536;0.19114219114219114
98513;511226;0.5104895104895105
98512;511943;0.6208791208791209
98512;511277;0.3791208791208791
98511;511846;0.17678027154336381
98511;511528;0.09836519811582156
98511;511579;0.057079523413688
98511;511773;0.020781379883624274
98511;511609;0.09005264616237185
98511;511421;0.4605153782211139
98511;511561;0.09642560266001662
98403;511218;1.0
98401;511251;0.02377925671128393
98401;511218;0.9684438794586107
98033;511897;0.2925465838509317
90089;511706;0.08044112877067791
01857;580309;0.20754716981132076
98701;511765;0.8467767545252461
98701;514900;0.15322324547475388
98545;511315;0.7846506300114547
98542;511676;0.11180512179887571
98526;511595;0.8533007334963325
98526;511447;0.1466992665036675
98525;511447;0.29666254635352285
98525;511978;0.6365883807169345
98525;511501;0.06674907292954264
98524;511820;0.3178294573643411
98524;511447;0.31007751937984496
98524;511684;0.37209302325581395
98522;511315;0.8411788784281621
98507;511889;0.5212121212121212
98507;557323;0.47878787878787876
98506;580317;1.0
98505;511498;1.0
98503;511340;1.0
98502;511269;0.7607555089192025
98502;511617;0.10598111227701994
98501;512001;0.16
98501;511471;0.84
98401;511714;0.007776863830105436
98013;514900;1.0
98012;514918;0.6656
98012;515591;0.3344
97611;515515;0.03173265936534681
95191;582051;0.212022367194781
98266;514896;0.15555555555555556
98266;515400;0.8444444444444444
98265;557820;0.06731813246471227
98265;515370;0.22511762576909156
98265;515302;0.025696706478465437
98262;515256;0.113776559287183
98262;515159;0.08190541466758053
98262;515361;0.04009595613433859
98262;514756;0.3430431802604524
98262;515523;0.07402330363262509
98262;515311;0.03050034270047978
98262;514977;0.06648389307745031
98262;514675;0.20253598355037697
98262;515574;0.027416038382453736
98201;515612;0.8857687420584498
98201;514721;0.11423125794155019
93523;515507;0.1010230179028133
98262;515761;0.02021932830705963
05001;525995;0.06970387243735764
05001;580384;0.04100227790432802
05001;526029;0.017312072892938495
05001;526142;0.8719817767653758
04964;526258;1.0
04962;525812;1.0
04961;526037;0.2629558541266795
04961;526118;0.3925143953934741
04918;526151;0.1374113475177305
04918;525774;0.17819148936170212
04918;526321;0.12721631205673758
04918;525928;0.5571808510638298
04916;525791;0.7964755522462149
04916;525677;0.09059319930503847
04916;525944;0.1129312484487466
04914;526304;0.2931596091205212
04914;525901;0.6473941368078175
04914;526100;0.059446254071661236
04913;525685;0.24151857835218093
04913;525766;0.7584814216478191
04901;525987;0.7662740235585865
04901;526002;0.11035337879727217
04901;526011;0.12337259764414135
03205;515833;0.08644859813084112
98556;515698;0.11897852582704585
98542;514632;0.1174266083697689
98542;514942;0.33479075577763895
98267;515396;0.005309734513274336
98267;515337;0.0029077117572692793
98267;514829;0.8548672566371681
98267;515485;0.014917825537294564
98267;515094;0.0029077117572692793
98265;515388;0.016286644951140065
98252;557889;0.036943744752308987
98252;515027;0.3434089000839631
98252;515795;0.13392107472712006
98252;557901;0.10873215785054575
98251;515566;0.15521165225307237
98251;514501;0.271279016841147
98251;515027;0.3723258989531179
98251;514713;0.20118343195266272
98101;514829;1.0
98061;515680;1.0
98055;515043;1.0
98054;515116;0.11423550087873462
98054;515451;0.8857644991212654
98053;557811;0.30303030303030304
98053;515426;0.45714285714285713
98053;515124;0.23982683982683983
98052;514888;0.3635122838944495
98052;515736;0.3935395814376706
98052;515809;0.06187443130118289
98052;557790;0.08780709736123748
98052;515051;0.09326660600545951
98051;515736;1.0
98050;515493;0.24679703304113285
98050;515710;0.5320296695886716
98050;515141;0.13486176668914363
98050;514934;0.08631153068105192
98045;557765;0.12104386451971128
98045;515078;0.5174902831760133
98045;515655;0.21099389228206553
98045;515035;0.1504719600222099
98044;557757;0.27657697397441555
98044;515779;0.17159241288045876
98044;514951;0.31274812527569473
98044;515132;0.23908248786943095
98043;514624;1.0
98042;515442;0.44545831605143094
98042;515248;0.03338863542098714
98042;514993;0.061385317295727916
98042;515353;0.20530900041476566
98042;514594;0.0740356698465367
98042;514985;0.05744504355039403
98042;515817;0.027996681874740772
98042;514969;0.09498133554541684
98041;515183;0.2408207343412527
98041;514551;0.21274298056155508
98041;514691;0.5464362850971922
98035;514781;0.41608796296296297
98035;514683;0.08680555555555555
98035;515299;0.12037037037037036
98034;515230;0.26207270754205103
98034;515663;0.29734129137276183
98034;515582;0.14812805208898536
98034;515728;0.12533912099837222
98034;515540;0.16711882799782962
98033;514811;0.7074534161490683
98032;514543;0.7071622846781505
98032;515060;0.2928377153218495
98031;514730;0.05420666290231508
98031;514837;0.8661773009599096
98031;514616;0.07961603613777526
98026;515175;0.2542901716068643
98026;515086;0.20748829953198128
98026;514853;0.17628705148205928
98026;514489;0.093603744149766
98026;514926;0.26833073322932915
98025;514926;1.0
98023;515272;0.09776902887139108
98023;515671;0.19160104986876642
98023;514659;0.14435695538057744
98023;514586;0.04068241469816273
98023;515531;0.15879265091863518
98023;514641;0.16666666666666666
98023;514870;0.15026246719160105
98023;515647;0.049868766404199474
98022;515744;0.5813237557721909
98022;515701;0.41867624422780914
98021;514519;0.4494441503440974
98021;557854;0.1741662255161461
98021;515752;0.09317098994176813
98021;515841;0.14875595553202753
98021;557919;0.13446267866596082
98011;515264;1.0
98004;515019;0.0914179104477612
98004;514764;0.2555970149253731
98004;514861;0.6529850746268657
98003;514667;0.28252299605781866
98003;515621;0.7174770039421814
98002;514799;0.29744866210329807
98002;514845;0.10703173615432483
98002;515639;0.5955196017423771
98001;515281;0.11927144535840188
98001;515469;0.40334900117508815
98001;514535;0.05258519388954171
98001;515604;0.19065804935370154
97901;515469;0.052145841245727305
97901;515108;0.0131788834029624
97901;514462;0.8373718192176225
97901;514608;0.02081276110900114
97901;515264;0.061678693505507025
97901;557927;0.014812001519179644
93536;515001;0.6873712098910804
91326;515205;0.13951219512195123
03861;515167;0.009449811003779925
03483;515345;0.006847081838930551
99201;516210;0.9812235009085403
99142;516040;0.7109577221742882
99141;515922;0.3226047904191617
99135;515949;0.6030075187969924
99135;516414;0.3969924812030075
99128;515957;0.20759717314487633
99128;516520;0.7924028268551236
99127;516082;0.3517034068136273
99127;516341;0.1623246492985972
99127;516431;0.1903807615230461
99127;515990;0.12625250501002003
99127;516457;0.16933867735470942
99126;516236;0.7887492519449432
99126;515876;0.21125074805505686
99125;516317;0.24570673712021135
99125;515906;0.45970937912813736
99125;516121;0.24614707177454867
99125;516287;0.048436811977102597
99124;516406;0.4254416961130742
99124;516023;0.14840989399293286
99124;515973;0.42614840989399294
99123;516490;1.0
99122;516228;0.11739699149771092
99122;516198;0.09614126880313931
99122;515914;0.15696533682145192
99122;516261;0.08502289077828647
99122;516007;0.036952256376716806
99122;516562;0.04839764551994768
99122;515892;0.4591236102027469
99121;516309;0.5244444444444445
99121;516066;0.47555555555555556
99111;515868;0.6585160202360877
99111;516139;0.3414839797639123
99110;516333;0.2098997493734336
99110;516104;0.17418546365914786
99110;516074;0.36215538847117795
99110;516473;0.25375939849624063
99109;516112;0.2996300863131936
99109;516465;0.7003699136868065
99108;516058;0.23423423423423423
99108;516155;0.5484234234234234
99108;516171;0.21734234234234234
99107;516279;0.550561797752809
99107;516384;0.449438202247191
99106;516091;0.09767441860465116
99106;516571;0.43148479427549197
99106;516538;0.11771019677996422
99106;516147;0.11377459749552772
99106;516546;0.23935599284436493
99105;516244;0.49830508474576274
99105;516252;0.5016949152542373
99103;515981;0.13721413721413722
99103;516422;0.06514206514206514
99103;516295;0.525987525987526
99103;516503;0.09563409563409564
99103;516031;0.176022176022176
99102;515965;0.5508428493746601
99102;516228;0.1952147906470908
99102;516163;0.07830342577487764
99102;516015;0.08319738988580751
99102;516392;0.09244154431756389
99101;516368;0.16536118363794605
99101;515931;0.02959094865100087
99101;516449;0.06440382941688425
99101;515884;0.09921671018276762
99001;558192;0.04139562389118864
99001;558214;0.014192785334121822
99001;558206;0.012756610627692828
99001;515850;0.9316549801469967
95501;516554;0.014120214370527262
93002;516511;0.08531831961888263
03803;516376;0.48313440581214323
99201;518581;0.01877649909145972
98265;518727;0.3210278682591386
96611;518476;0.10141509433962265
96263;518689;0.9864687909209952
96263;518581;0.013531209079004802
96262;518221;1.0
96261;518174;0.04153522607781283
96261;518166;0.13906414300736067
96261;518298;0.48948475289169296
96261;518191;0.09752891692954785
96261;518671;0.08017875920084122
96261;518654;0.009726603575184017
96261;518697;0.14248159831756047
96237;518506;0.9645742697327533
96234;518981;0.3948681397006415
96234;518875;0.2872416250890948
96234;518891;0.3178902352102637
96233;518204;1.0
96231;581585;0.10676982591876209
96231;558087;0.033655705996131526
96231;518760;0.18027079303675048
96231;518808;0.631076724693746
96223;518662;1.0
96221;558133;1.0
96201;518972;1.0
96001;518158;1.0
03823;518361;0.26359143327841844
96801;581607;0.1055760557605576
96801;517097;0.7182246822468225
96801;516805;0.06744567445674457
96681;516759;0.20289288506645817
96681;517356;0.061864738076622364
96681;517381;0.5697810789679437
96681;516805;0.06430805316653636
96681;517348;0.04114542611415168
96678;516813;1.0
96677;517119;0.7496522948539638
96677;516902;0.25034770514603616
96674;517348;1.0
96671;517399;0.5710560625814863
96671;516805;0.42894393741851367
96663;516759;1.0
96661;516759;1.0
96653;516830;1.0
96652;517291;0.6907744874715261
96652;580546;0.3092255125284738
96651;517232;1.0
96642;517062;1.0
96641;517330;1.0
90089;517127;0.0405449237755433
97248;581747;0.293605915615485
96701;517089;0.050086569379173884
96701;516970;0.6101904526341826
96701;516988;0.031535988127628
96701;516961;0.032030670294335886
96701;516848;0.0617116002968093
96701;516996;0.024857778877071482
96701;516937;0.049097205045758104
96701;516660;0.04377937175364828
96701;516732;0.02720751916893396
96701;516881;0.06950284442245858
96681;516708;0.06000781860828772
96624;516945;0.3363957597173145
96624;516872;0.6636042402826855
96623;517038;1.0
96622;599336;0.7360537190082644
96622;517259;0.26394628099173556
96621;517020;0.6683316683316683
96621;516724;0.33166833166833165
96611;517313;0.48663522012578614
96611;516821;0.16391509433962265
96611;517135;0.24803459119496854
96604;516791;0.4896489648964896
96604;517194;0.5103510351035103
96603;517241;0.5792682926829268
96603;517216;0.42073170731707316
96602;517364;0.6517300056721498
96602;516708;0.3482699943278503
96601;517186;0.129038388445458
96601;516767;0.5178639300646142
96601;516741;0.16115545419992397
96601;516708;0.11668567084758646
96601;517011;0.07525655644241733
96501;599328;0.04061330188195477
96501;517267;0.05799702579354905
96501;516589;0.9013896723244962
03482;517046;0.06629834254143646
96231;519545;0.04822695035460993
94102;519499;0.043914680050188205
08641;519294;0.0969962453066333
08701;519081;0.051299874878353954
08646;519359;0.12781954887218044
08646;519677;0.0775375939849624
08646;519201;0.21193609022556392
08645;519472;0.22405841660261339
08645;519588;0.36587240584166025
08645;519375;0.25057647963105306
08645;519219;0.10146041506533436
08645;519944;0.05803228285933897
08643;519821;0.391643059490085
08643;519375;0.46175637393767704
08643;519103;0.14660056657223797
08642;519707;0.28444060972102386
08642;519162;0.2102387115329307
08642;519235;0.29306873741731376
08642;519049;0.21225194132873165
08641;519936;0.5823946599916562
08641;518964;0.07405089695452649
08641;519529;0.06487275761368377
08641;519880;0.0592407175636212
08641;519014;0.0702962035878181
08637;519847;0.4143646408839779
08637;519022;0.48342541436464087
08636;519278;0.10774410774410774
08636;519600;0.13692480359147025
08636;519634;0.24803591470258138
08636;519910;0.122334455667789
08636;519901;0.2783389450056117
08636;519685;0.016835016835016835
08636;519308;0.08978675645342311
08635;519057;1.0
08633;519740;0.008958130477117819
08633;519812;0.05939629990262902
08633;519782;0.13203505355404088
08633;519804;0.03972736124634859
08633;519286;0.07185978578383642
08633;519961;0.6880233690360272
08622;519243;0.16720674011665587
08622;519324;0.35029163966299415
08622;519863;0.2051198963058976
08622;519341;0.27738172391445237
08621;519642;0.2824742268041237
08621;519928;0.40515463917525774
08621;519758;0.31237113402061856
08614;519227;0.5817593092282785
08614;519065;0.41824069077172155
08612;519138;0.09658119658119659
08612;519430;0.09202279202279202
08612;519693;0.0547008547008547
08612;519855;0.046723646723646726
08612;519383;0.02962962962962963
08612;519456;0.31196581196581197
08612;519626;0.07435897435897436
08611;519251;0.35220994475138123
08611;519367;0.31422651933701656
08611;519090;0.0718232044198895
08611;519723;0.2617403314917127
08606;519481;0.2859936445856759
08606;519260;0.15692984600342214
08606;519791;0.164996333414813
08606;519570;0.39208017599608896
08605;519502;0.08168642951251646
08605;519553;0.8590250329380764
08605;519511;0.05928853754940711
08604;519464;0.17144306365711387
08604;519405;0.053766167892467666
08604;519073;0.026122241947755517
08604;519413;0.016231295967537408
08604;519421;0.2528531574942937
08604;519189;0.26781638346436726
08602;519715;0.2598511986773216
08602;519154;0.09093414163681456
08602;519669;0.14852576467346376
08602;519171;0.1355745384403417
08602;519952;0.033342518600165336
08602;519839;0.1700192890603472
08602;519111;0.1617525489115459
08601;519774;0.2215977519068647
08601;519979;0.3067041348855881
08601;519871;0.16218386190285025
08601;519618;0.3095142513046969
08501;519766;0.03128533735393894
08501;519006;0.9687146626460611
01311;519731;0.044707297514033684
98267;520721;0.05865992414664981
95501;529273;0.0020859407592824365
95123;520462;0.2849264705882353
90638;529061;0.012021857923497269
09408;529010;0.1607843137254902
09408;529095;0.8392156862745098
09407;528951;0.3646362098138748
09407;529249;0.2910321489001692
09407;528897;0.2529610829103215
09407;529087;0.09137055837563451
09406;528803;0.9185185185185185
08646;520195;0.23637218045112782
08646;520373;0.34633458646616544
06783;520349;0.15123634272570444
06783;559598;0.19465209890741805
06783;520331;0.6541115583668775
06782;520497;0.3420229405630866
06745;520241;0.18972142170989434
06745;520446;0.2084534101825168
06745;520357;0.21998078770413065
06745;520896;0.3818443804034582
06741;520683;0.5203915171288744
06741;520268;0.4796084828711256
06734;520535;0.4224137931034483
06734;521019;0.14655172413793102
06733;521116;0.26497005988023953
06733;520624;0.6796407185628742
06733;520527;0.05538922155688623
06732;521035;0.6352941176470588
06732;520012;0.29673202614379085
06732;559652;0.06797385620915032
06731;520926;0.7727558066541117
06731;520977;0.22724419334588827
06724;520985;0.5291005291005291
06724;520292;0.4708994708994709
06723;520021;0.10351913691240688
06723;520900;0.07731826354996146
06723;520233;0.12278448497302852
06723;520110;0.03955818135114308
06722;520560;0.4431179775280899
06722;559636;0.0702247191011236
06722;559644;0.09269662921348315
06722;520772;0.39396067415730335
06713;520250;0.2938090241343127
06713;520276;0.41133263378803775
06713;520781;0.1248688352570829
06712;520403;0.3821571238348868
06712;521086;0.5119840213049268
06712;520152;0.10585885486018642
06711;520543;0.2464312546957175
06711;521027;0.13899323816679188
06711;520454;0.6145755071374907
06701;520225;0.3221864951768489
06601;518638;0.0
06601;559547;0.030350615249961386
06601;520055;0.03428924470988004
06601;520683;0.016423827421098696
06601;520063;0.015316892344128096
06601;520501;0.015007980229624672
06601;582140;0.021469391957987954
06601;521043;0.013849559800236833
06601;520004;0.8072645832260722
01311;520667;0.051523656776263034
95146;523780;0.5370260075441731
90028;524115;0.009048798879672519
08641;523399;0.05214851898206091
06101;523674;0.048284625158831
06101;523461;0.01905972045743329
06101;523836;0.9326556543837357
06001;523585;0.9324859095814846
06001;581241;0.06751409041851542
05995;523976;1.0
05994;523534;0.4050764050764051
05994;523577;0.35534835534835535
05994;523470;0.23957523957523957
05993;523411;1.0
05992;523526;1.0
05979;523771;1.0
05978;559938;0.3523809523809524
05978;523992;0.6476190476190476
05976;523909;0.3724979658258747
05976;523798;0.5170056956875508
05976;523739;0.11049633848657445
05973;524123;1.0
05972;524042;0.35789033068229387
05972;524077;0.6421096693177062
05971;523682;0.77466251298027
05971;524051;0.08255451713395638
05971;523500;0.016614745586708203
05971;523984;0.1261682242990654
05952;523887;0.15941553111147594
05952;524000;0.840584468888524
05907;523623;1.0
05906;523429;0.46496815286624205
05906;523615;0.535031847133758
05904;523801;0.16658329164582292
05904;523569;0.03801900950475238
05904;523712;0.4047023511755878
05904;523861;0.3906953476738369
05902;524085;0.3757852655625357
05902;524069;0.08766419189034837
05902;523810;0.536550542547116
05901;523607;0.2555169709868937
05901;523828;0.7444830290131063
90088;526461;0.4222222222222222
05401;543276;0.024241229798975167
05401;543292;0.9365392195506503
05401;526452;0.03921955065037446
05373;543420;0.3843843843843844
05373;526410;0.22522522522522523
05373;526614;0.39039039039039036
05371;543691;0.2634730538922156
05371;543390;0.19041916167664671
05371;543675;0.3916167664670659
05371;543454;0.05029940119760479
05371;526606;0.10419161676646707
05314;543624;0.7611455565397106
05314;526487;0.23885444346028933
05306;543446;0.14044444444444446
05306;526401;0.8595555555555555
05305;526380;0.13673139158576053
05305;581640;0.07200647249190939
05305;543462;0.12944983818770225
05305;526517;0.5121359223300971
05305;543471;0.10275080906148867
05305;526525;0.04692556634304207
05304;526371;0.0364021164021164
05304;543641;0.10201058201058201
05304;526428;0.05925925925925926
05304;543578;0.8023280423280423
05303;543314;0.04604200323101777
05303;543179;0.39862681744749595
05302;543225;0.17017828200972449
05302;526479;0.2450027012425716
05302;543381;0.11399243652079957
05302;543608;0.4708265802269044
03212;526495;0.1859807801017524
06801;520471;0.8020707274438618
06801;520616;0.025951324458787145
06801;520519;0.05244050020169423
06801;520411;0.0627941374210031
06801;559610;0.021648514185827618
06801;520314;0.03509479628882614
06752;520187;0.5911392405063292
06752;520128;0.4088607594936709
06716;520861;0.1435483870967742
06716;521001;0.30483870967741933
06716;520586;0.03225806451612903
06716;520098;0.5193548387096775
06713;521060;0.16998950682056663
06704;520578;0.6860158311345647
06704;520705;0.31398416886543534
06702;520853;0.249185667752443
06702;520101;0.5211726384364821
06702;520713;0.2296416938110749
06701;520071;0.06816720257234726
06701;520691;0.3382636655948553
06701;521078;0.07459807073954984
06701;520951;0.027009646302250803
06701;520993;0.16977491961414792
05913;523542;1.0
08604;523445;0.2117676895764646
06201;560103;1.0
05991;523747;0.2980038022813688
05991;524018;0.7019961977186312
05986;523763;1.0
05985;560103;1.0
05984;560103;1.0
05983;560103;1.0
05981;560103;0.7253625883227965
05981;524018;0.2746374116772034
05960;560103;1.0
05956;580368;1.0
05955;560103;0.7395260663507109
05955;524131;0.2604739336492891
05954;560103;1.0
05940;523631;1.0
05939;524107;1.0
05938;523933;1.0
05937;559890;1.0
05936;523721;1.0
05935;523402;1.0
05934;523844;1.0
05931;523658;1.0
05921;523658;0.10836020267157992
05921;523925;0.8916397973284201
05919;524034;1.0
05918;523852;0.6624799572421165
05918;523593;0.2397113842864778
05917;524026;1.0
05916;523518;1.0
05914;524093;0.32313095835423983
05914;523879;0.6768690416457601
05912;523488;0.5701920476061672
05912;523950;0.42980795239383285
05911;523496;0.32526539278131633
05911;523950;0.6747346072186836
05801;523437;0.027390311945219376
05801;523381;0.9726096880547807
05951;523381;1.0
99141;524271;0.2657185628742515
98252;524433;0.37699412258606213
97211;524735;0.053544265287496194
95146;525022;0.17014095691880088
08612;524913;0.1356125356125356
08267;525391;0.10838101649276338
08267;525294;0.44261191518007403
08267;524425;0.041063614944463145
08267;524832;0.3473577919892292
08267;524905;0.060585661393470214
08253;525448;0.35340314136125656
08253;525014;0.6465968586387435
08252;524662;0.26249282021826537
08252;524387;0.408385985066054
08252;525472;0.13095921883974726
08252;524158;0.19816197587593337
08244;524646;0.43933823529411764
08244;524867;0.5606617647058824
08243;525154;0.8275570583262891
08243;559989;0.1724429416737109
08242;524794;0.21128553245651252
08242;524581;0.13873568095036062
08242;525073;0.3326262197708952
08242;524263;0.3173525668222317
08241;525502;0.14871016691957512
08241;525111;0.5381891755184623
08241;524174;0.212443095599393
08238;525413;0.7531740104555639
08238;524999;0.24682598954443616
08237;525260;0.6819708846584547
08237;524409;0.3180291153415454
08236;525251;0.5264650283553876
08236;524786;0.4735349716446125
08235;525278;0.07276051188299817
08235;524468;0.6062157221206581
08235;524450;0.09542961608775137
08235;524191;0.18647166361974407
08233;524697;0.05711031565245688
08233;524531;0.4515131793036121
08233;524522;0.2048486820696388
08233;524964;0.009762447120078099
08233;524476;0.11356980149690855
08233;524549;0.16319557435730556
08232;525171;0.6738270209157716
08232;524654;0.3261729790842284
08221;525405;0.8687072090213451
08221;556823;0.13129279097865484
08216;525456;0.3369033047735618
08216;524395;0.6630966952264382
08215;524506;1.0
08214;525065;0.4054901960784314
08214;525057;0.31529411764705884
08214;525197;0.2792156862745098
08213;524336;0.4527138157894737
08213;525341;0.5472861842105263
08212;559971;0.09185082872928177
08212;524727;0.143646408839779
08212;525324;0.04333563535911602
08212;525189;0.11066988950276244
08212;524417;0.07095994475138122
08212;524514;0.0775207182320442
08212;524930;0.0844267955801105
08212;524620;0.3775897790055249
08207;524301;0.48611764705882354
08207;524808;0.07764705882352942
08207;525332;0.23952941176470588
08207;524751;0.19670588235294117
08206;525499;0.48499810102544627
08206;524883;0.5150018989745537
08205;525201;0.386873216469629
08205;525383;0.613126783530371
08204;524352;1.0
08203;524760;0.24152866242038218
08203;524221;0.11057324840764331
08203;525162;0.04152866242038217
08203;524590;0.0980891719745223
08203;524743;0.5082802547770701
08201;524638;0.7142350017749379
08201;524361;0.28576499822506213
08006;525430;0.01479798259712908
08006;525031;0.004633375824419443
08006;518590;0.040325888156071604
08006;524140;0.9402427534223798
08005;525138;0.015003621563825752
08005;525286;0.009772473815518688
08005;524140;0.9752239046206556
08001;524841;0.019272374056249725
08001;525511;0.019791160757649345
08001;518522;0.008157093028389774
08001;524140;0.9362885778621572
06601;524212;0.011532718941461155
03223;524701;0.11723280861640431
08241;524255;0.10065756196256954
96901;525421;0.010010755356995119
08301;524344;0.05435794600014324
08301;524280;0.03616701281959464
08301;524557;0.02506624650862995
08301;525146;0.8844087946716321
08276;525316;0.8027806385169928
08276;524956;0.1972193614830072
08275;524921;1.0
08274;524247;0.5489655172413793
08274;525308;0.4510344827586207
08273;524671;0.21224886584575503
08273;524182;0.09105638366817888
08273;525049;0.30233311730395335
08273;525219;0.39436163318211276
08271;524689;0.08847283406754772
08271;525120;0.09588839941262849
08271;524875;0.04794419970631424
08271;524379;0.10624082232011747
08271;524310;0.053377386196769454
08271;524611;0.13230543318649046
08271;524778;0.47577092511013214
08266;525243;0.275328330206379
08266;525359;0.24953095684803
08266;524492;0.24108818011257035
08266;524204;0.1651031894934334
08266;525081;0.06894934333958724
08263;524603;0.906484727090636
08263;524328;0.012018027040560842
08263;525367;0.05908863294942414
08263;525103;0.022408612919379067
08261;525090;0.7180733539549271
08261;525375;0.2819266460450729
08257;524948;0.5388257575757576
08257;524824;0.46117424242424243
08256;524565;0.09163911195087387
08256;524441;0.02975909305621162
08256;525006;0.6584789796882381
08256;524298;0.22012281530467642
08222;524981;0.4567828312659972
08222;525235;0.5432171687340027
05303;524816;0.2726171243941842
03204;524573;0.21770114942528734
02801;524239;0.1512981199641898
06901;520802;0.9709926833065228
06901;520659;0.029007316693477246
06782;520161;0.6579770594369134
06781;520039;1.0
06777;521108;1.0
06773;520080;0.03269069572506287
06773;520489;0.06873428331936295
06773;520845;0.11902766135792121
06773;520217;0.04777870913663034
06773;520870;0.06789606035205364
06773;520918;0.663872590108969
06772;520322;0.47614840989399293
06772;520365;0.44876325088339225
06772;520748;0.07508833922261485
06771;520438;1.0
06768;521051;0.5317164179104478
06768;520551;0.46828358208955223
06767;520942;0.22897196261682243
06767;520934;0.7710280373831776
06766;520675;0.19262295081967212
06766;520381;0.2786885245901639
06766;520764;0.5286885245901639
06765;520730;0.326271186440678
06765;520888;0.673728813559322
06761;520811;0.08473625140291807
06761;520390;0.15095398428731763
06761;520284;0.017957351290684626
06761;520438;0.07491582491582492
06761;520829;0.6714365881032548
06735;520641;0.5593908629441624
06735;520136;0.16446700507614212
06735;520209;0.25583756345177666
06735;520632;0.02030456852791878
06734;520594;0.43103448275862066
03212;520179;0.11984171848501979
06532;526789;1.0
06548;526819;0.3306415432929565
06548;527041;0.6693584567070435
06546;526894;0.058212058212058215
06546;527009;0.05405405405405406
06546;526886;0.47297297297297297
06546;526835;0.09771309771309772
06546;527025;0.31704781704781704
06545;527033;0.12745762711864406
06545;526746;0.1688135593220339
06545;527050;0.12576271186440677
06545;526703;0.02305084745762712
06545;526967;0.5549152542372882
06544;526959;1.0
06543;526941;1.0
06542;526991;0.055710306406685235
06542;526673;0.9261838440111421
06542;526932;0.018105849582172703
06541;527084;0.1308641975308642
06541;526681;0.11061728395061729
06541;526983;0.10716049382716049
06541;526878;0.6513580246913581
06534;527068;0.4357638888888889
06534;526711;0.5642361111111112
06533;527076;0.5752045311516677
06533;527017;0.11768407803650094
06533;526843;0.30711139081183136
06531;526851;0.40786082474226804
06531;526771;0.592139175257732
06522;526738;0.21492204899777284
06522;526801;0.10467706013363029
06522;526908;0.6804008908685969
06512;526762;1.0
06511;526797;0.296140350877193
06511;526924;0.703859649122807
06503;526975;0.4896801638569403
06503;526860;0.5103198361430598
06502;527092;0.6916256157635468
06502;526916;0.3083743842364532
06501;526827;0.07545320921117099
06501;526720;0.699657030867222
06501;526690;0.22488975992160706
06401;526754;0.05792646884974583
06401;526665;0.9420735311502542
98502;527165;0.13326337880377753
97701;527190;0.0010352477199901404
09101;527157;0.06218487394957983
09101;527912;0.036516424751718866
09101;527840;0.7690603514132925
09101;527980;0.01764705882352941
09101;527114;0.014285714285714285
09101;528013;0.0074866310160427805
09101;527718;0.0053475935828877
09101;527475;0.01818181818181818
09101;527726;0.0067226890756302525
09101;527866;0.023682200152788387
09101;527262;0.03888464476699771
09034;527921;0.24456521739130435
09034;560073;0.5353260869565217
09034;527611;0.22010869565217392
09033;527939;0.4355444305381727
09033;527203;0.2690863579474343
09033;527513;0.295369211514393
09032;527793;0.12802983219390926
09032;527581;0.21068986948415164
09032;528048;0.3983840894965817
09032;527637;0.26289620882535736
09031;527173;0.46107784431137727
09031;527467;0.04790419161676647
09031;527386;0.26497005988023953
09031;527343;0.059880239520958084
09031;527815;0.05239520958083832
09031;527408;0.11377245508982035
09024;527572;0.5593869731800766
09024;527530;0.44061302681992337
09023;527297;0.41544477028348
09023;527823;0.24535679374389052
09023;528005;0.0635386119257087
09023;527971;0.1348973607038123
09023;527521;0.14076246334310852
09022;527181;0.4595070422535211
09022;527289;0.16637323943661972
09022;527416;0.04225352112676056
09022;527700;0.1681338028169014
09021;527335;0.6538461538461539
09021;528021;0.13721413721413722
09021;527998;0.20893970893970895
98267;527777;0.06042983565107459
90090;527254;0.14903129657228018
09042;527751;0.20743639921722112
09042;527882;0.12915851272015655
09042;527696;0.2808219178082192
09042;527131;0.09980430528375733
09042;527807;0.07045009784735812
09042;527548;0.05724070450097847
09042;527955;0.10371819960861056
09042;527904;0.05136986301369863
09041;527564;1.0
09016;527491;0.6422628951747088
09016;527602;0.3577371048252912
09011;527670;0.14032757857459052
09011;527378;0.11243913235945109
09011;528081;0.17042939353696326
09011;527785;0.19300575475874282
09011;528072;0.2642762284196547
09011;527661;0.11952191235059761
09005;527432;0.16307692307692306
09005;528064;0.06153846153846154
09005;527653;0.13692307692307693
09005;527394;0.05846153846153846
09005;527556;0.033846153846153845
09005;527441;0.026923076923076925
09005;527874;0.013076923076923076
09005;527599;0.043076923076923075
09005;527742;0.043076923076923075
09005;527734;0.009230769230769232
09005;527424;0.3646153846153846
09005;527149;0.046153846153846156
09003;527505;0.6302774427020507
09003;527891;0.054282267792521106
09003;527947;0.06996381182147166
09003;527459;0.04764776839565742
09003;527327;0.19782870928829915
09002;527858;0.14300100704934543
09002;527963;0.04028197381671702
09002;527238;0.09164149043303121
09002;527301;0.015105740181268883
09002;527483;0.7099697885196374
09001;527246;0.07142857142857142
09001;527645;0.12888198757763975
09001;528056;0.10093167701863354
09001;527360;0.6987577639751553
08901;527351;0.0072034988422948285
08901;528030;0.016207872395163365
08901;527122;0.0020581425263699513
08901;527629;0.008918617614269788
08901;527319;0.02821370379898808
08901;527831;0.048109081553897606
08901;527688;0.005659891947517366
08901;527769;0.011662807649429723
08901;527106;0.8719663836720692
08701;527271;0.02029751146948422
08701;519596;0.017378006395106352
08701;519197;0.5562352286945642
08701;519561;0.03447796468789101
08701;519316;0.07131933824551648
08701;519332;0.012512164604476574
08701;519391;0.17225079938829418
08701;519987;0.06422911163631308
08644;519448;0.5425772418990203
08644;519995;0.24642049736247174
08644;580601;0.21100226073850792
08637;527220;0.10220994475138122
06723;527211;0.1492422296429489
05303;519537;0.210016155088853
98035;528986;0.2604166666666667
98001;528960;0.23413631022326675
09435;544230;0.22525963948907723
09435;529079;0.08201026620508535
09435;529176;0.3138355019696789
09435;528757;0.05813537065775337
09435;544116;0.32075922167840515
09434;544221;0.16570327552986513
09434;544132;0.17316955684007707
09434;544094;0.6611271676300579
09433;544230;0.46998754669987547
09433;529257;0.28443337484433373
09433;529150;0.1930261519302615
09433;529281;0.018929016189290163
09433;528978;0.033623910336239106
09431;529052;0.045690376569037655
09431;529214;0.009205020920502092
09431;529231;0.03782426778242678
09431;544060;0.038493723849372385
09431;529028;0.035313807531380755
09431;544167;0.00903765690376569
09431;529109;0.014393305439330545
09431;529036;0.03648535564853556
09431;528862;0.0500418410041841
09431;544213;0.6321338912133891
09431;528854;0.048535564853556486
09431;544183;0.04284518828451883
09423;528871;0.6898876404494382
09423;528889;0.3101123595505618
09422;528919;1.0
09421;529001;0.3033526756931012
09421;528901;0.5238555770470664
09421;528781;0.17279174725983237
09415;529265;1.0
09414;544108;0.124189364461738
09414;529133;0.875810635538262
09413;529125;0.6436363636363637
09413;544175;0.3563636363636364
09412;529222;0.5630085334391745
09412;528765;0.058741813851954754
09412;544078;0.3782496527088708
09409;529117;0.08893093661305582
09409;528838;0.21239356669820245
09409;529141;0.6986754966887417
09406;544205;0.08148148148148149
09405;528731;0.28064300066979236
09405;529044;0.11051574012056263
09405;528994;0.0783657066309444
09405;528749;0.14266577361018085
09405;544141;0.290020093770931
09405;544191;0.09778968519758875
09404;528935;1.0
09403;529290;1.0
09402;544086;0.2385438972162741
09402;528820;0.17644539614561028
09402;529168;0.3113490364025696
09402;528846;0.27366167023554605
09401;529206;0.05768222338751967
09401;529192;0.5201887781856319
09401;528943;0.4221289984268485
09303;544051;0.964546733850833
09303;544159;0.03545326614916701
09302;544051;0.9418857218848353
09302;581674;0.05811427811516468
09301;544051;0.9069489499743896
09301;544124;0.05497695065733311
09301;528927;0.016518695577940924
09301;528790;0.02155540379033635
08612;528811;0.15840455840455842
08235;529184;0.03912248628884826
01314;528773;0.45475910693301996
06601;526631;0.015394120372753952
05601;526509;1.0
05571;526649;1.0
05566;543683;0.1251109139307897
05566;543560;0.8748890860692103
05565;543551;1.0
05564;543365;1.0
05563;526541;1.0
05562;543497;1.0
05561;543187;1.0
05552;543241;1.0
05551;543705;1.0
05501;543322;1.0
05351;543501;0.6362359550561798
05351;543144;0.05718298555377207
05351;543233;0.30658105939004815
05334;543632;0.08253692441355343
05334;543659;0.9174630755864466
05333;543373;0.9731903485254692
05333;526550;0.02680965147453083
04013;599875;0.9031210770096533
04013;598127;0.09687892299034674
04001;599891;0.011481232012736514
04001;598186;0.30820219214989897
04001;598119;0.020604984385524463
04001;598151;0.29274079970608047
04023;599883;1.0
04016;598216;0.7811540822590546
04015;599859;0.1724038183396008
04015;599841;0.8275961816603992
04011;598208;0.04355112386618346
04011;598194;0.018497182478999518
04011;598224;0.79053983283407
04011;599972;0.147411860820747
04022;598682;1.0
04014;599018;1.0
04018;599794;0.8401026079521163
04017;599093;0.8274316450022412
04017;599786;0.17256835499775885
04012;599816;1.0
04001;599913;0.04030677851938032
04001;599824;0.3266640132263793
04445;521353;0.09081007488087134
04417;522007;0.6925581395348838
98265;521884;0.34455302207745203
95191;518107;0.09412861136999068
90623;521949;0.4266666666666667
90614;521248;0.6638065522620905
08001;521400;0.016490794295553887
04961;521906;0.34452975047984646
04501;521680;0.11315288469497559
04421;522066;0.43743536711478803
04442;521591;0.26395143920109654
04481;521817;0.17496285289747399
04481;521663;0.08469539375928678
04481;521639;0.5456909361069836
04481;522082;0.07652303120356613
04481;522155;0.11812778603268945
04474;521876;1.0
04473;521264;0.6078234704112337
04473;521922;0.16800401203610832
04473;521761;0.22417251755265796
04471;521850;0.16671384092838948
04447;521213;0.14215259646069045
04471;521272;0.23521086894990093
04465;521574;0.9054178145087236
04465;521833;0.0945821854912764
04461;522244;1.0
04458;521973;0.5279805352798054
04458;559687;0.27664233576642333
04458;580252;0.09537712895377129
04458;521167;0.1
04457;559865;0.8453416149068324
04457;559831;0.1546583850931677
04455;522147;0.9061631139944393
04455;521566;0.0938368860055607
04447;521311;0.06005221932114883
04447;521841;0.028430519292138093
04447;522163;0.18030171163330433
04447;521540;0.016391064693936756
04447;521701;0.009428488540760081
04447;521523;0.550333623440673
04501;521329;0.03385481334326629
04447;521256;0.012909776617348418
04445;522040;0.1346494213750851
04445;521183;0.22178352620830497
04445;521914;0.12988427501701838
04445;521418;0.03893805309734513
04445;522091;0.04111640571817563
04445;521141;0.0788291354663036
04416;522201;0.1374843292937735
04445;521281;0.09366916269571136
04414;521299;0.824174279690794
04412;522210;0.25268817204301075
04444;521612;0.5028446389496718
04444;521477;0.2765864332603939
04431;521345;0.5253754039156054
04443;521221;0.5778375953342306
04018;518140;0.08750178138805757
04443;522121;0.42216240466576943
04442;521442;0.07499510475817506
04442;521175;0.1537105933033092
04415;521736;0.620990099009901
04425;582093;0.11276733635774465
04441;521582;0.3440213760855043
04441;521965;0.6559786239144957
04431;582514;0.23702718114426916
04402;599310;0.014234383637368711
04411;522261;0.3490661282180717
04426;522074;1.0
04425;521671;0.8872326636422554
04501;521698;0.8529923019617581
04444;521795;0.22056892778993437
04421;521787;0.38728024819027923
04421;521426;0.1752843846949328
04424;521892;1.0
04420;521655;1.0
04419;521825;0.16195495927168185
04419;521361;0.46142788691902253
04419;521957;0.3766171538092956
04445;521728;0.08495575221238938
04418;521507;0.6094276094276094
04417;522015;0.11116279069767442
04417;521809;0.1027906976744186
04417;518115;0.09348837209302326
04445;521604;0.04029952348536419
04416;521191;0.2720434600919348
04416;521744;0.11951525282072713
04416;521205;0.47095695779356456
04423;521493;1.0
04415;522198;0.379009900990099
04431;522031;0.23759741494012546
04414;521558;0.1758257203092059
04442;521931;0.5073428627374192
04413;522139;0.869945567651633
04413;521388;0.13005443234836703
04412;521752;0.4720430107526882
04412;521469;0.2752688172043011
04402;521396;0.028054173576561637
04411;522104;0.3712771327612317
04411;521981;0.2796567390206966
04445;522180;0.0450646698434309
04410;521370;1.0
04405;521868;0.38783649052841473
04405;521485;0.6121635094715853
04402;559784;0.5113322277501382
04402;559881;0.021420674405749032
04402;559873;0.07075732448866777
04402;521779;0.04256495301271421
04402;521370;0.2517965726920951
04471;521302;0.5980752901217096
04402;522252;0.05983969043670536
04401;521337;1.0
04018;522171;0.07239561065982614
04418;522023;0.39057239057239057
04016;521159;0.21884591774094536
03901;518123;0.033423180592991916
99101;523054;0.6414273281114012
93536;528137;0.11127465410656462
90863;522848;0.13835770528683913
07901;543853;0.7519870096572943
07901;528463;0.07896760960601658
07901;528579;0.06025126057601914
07901;528404;0.08007862575848218
07901;528307;0.028715494402187847
07677;528692;0.24469214437367304
07677;543888;0.31210191082802546
07677;528714;0.3232484076433121
07677;513857;0.11995753715498939
07675;543870;0.2931562819203269
07675;528633;0.7068437180796732
07674;528331;1.0
07672;528391;0.09000989119683482
07672;543942;0.9099901088031652
07671;528277;1.0
07254;522287;0.30601454064771977
07237;522694;0.6215139442231076
07237;523071;0.3784860557768924
07236;522589;1.0
07234;522449;0.28896882494004794
07234;523241;0.7110311750599521
07233;522465;0.4444444444444444
07232;522562;0.4684181106763555
07232;522945;0.3387367244270542
07232;522686;0.1928451648965903
07231;523259;0.7702861622892984
07231;523194;0.2297138377107017
07223;523356;0.41472868217054265
07223;523097;0.5852713178294574
07222;522988;0.07882834374326944
07222;523101;0.9211716562567306
07221;522805;0.8738521024649589
07221;523275;0.12614789753504108
07217;522767;0.15711252653927812
07217;522635;0.34394904458598724
07217;523062;0.4989384288747346
07216;523372;0.34679334916864607
07216;522431;0.2480488632507635
07216;523283;0.40515778758059046
07215;522376;0.6896869244935543
07215;522406;0.31031307550644566
07214;523291;0.1453940066592675
07214;522872;0.8546059933407325
07213;523364;0.2338095238095238
07213;522864;0.20595238095238094
07213;523119;0.16642857142857143
07213;522376;0.3566666666666667
07213;523127;0.037142857142857144
07211;522511;0.5474452554744526
07211;522392;0.25547445255474455
07211;522546;0.19708029197080293
07206;522881;0.06993775173928964
07206;522759;0.5426583668985719
07206;522783;0.38740388136213844
07205;522414;0.18262068965517242
07205;522368;0.25682758620689655
07205;522571;0.1395862068965517
07205;522732;0.2286896551724138
07205;522295;0.19227586206896552
07204;523186;0.7499102978112666
07204;522295;0.2500897021887334
07203;522996;0.49608993157380255
07203;522791;0.5039100684261975
07202;523208;0.5604026845637584
07202;523216;0.4395973154362416
07201;522961;0.39952081461515426
07201;522708;0.22312069481880803
07201;523151;0.18568433662773284
07201;522651;0.1916741539383049
07101;523135;0.010065537282057623
07101;522724;0.011153703474712501
07101;522902;0.026338568072214665
07101;522805;0.04471373809818227
07101;522279;0.9077284530728329
06601;523348;0.011738660351130104
03482;522741;0.2082182320441989
02322;522597;0.15170623145400594
02062;522481;0.3687103594080338
99142;525758;0.28904227782571185
98046;514748;0.5987841945288754
98046;514578;0.4012158054711246
96237;525855;0.035425730267246734
95653;525596;0.29600778967867575
95601;525910;0.13512833417211878
05303;525936;0.07269789983844911
04973;525618;1.0
04971;526291;1.0
04955;525626;0.5199203187250996
04955;525537;0.15737051792828685
04955;525821;0.32270916334661354
04952;526223;1.0
04951;560065;0.2598337950138504
04951;560022;0.7401662049861496
04945;560049;0.5175740868366644
04945;525863;0.4824259131633356
04944;525740;1.0
04943;526240;0.1948608137044968
04943;525782;0.8051391862955032
04942;525642;0.5354449472096531
04942;525561;0.4645550527903469
04941;526061;0.16302067725501948
04941;525871;0.8369793227449805
04936;526177;0.15275813295615276
04936;526282;0.8472418670438473
04935;525847;0.1515748031496063
04935;526053;0.36351706036745407
04935;526088;0.0688976377952756
04935;526185;0.41601049868766404
04934;525952;0.35046728971962615
04934;526274;0.308411214953271
04934;525570;0.14719626168224298
04934;525715;0.1939252336448598
04932;525693;0.06850961538461539
04932;526070;0.10186298076923077
04932;526312;0.4441105769230769
04932;526193;0.06520432692307693
04932;525898;0.21935096153846154
04932;525731;0.10096153846153846
04931;526126;0.500418410041841
04931;526207;0.499581589958159
04926;526347;0.3755274261603376
04926;526134;0.6244725738396625
04925;525634;1.0
04924;525707;0.28701180744777477
04924;526339;0.7129881925522252
04923;525723;0.18958930276981853
04923;525839;0.23543457497612225
04923;526045;0.5749761222540593
04922;525669;1.0
04921;525545;1.0
04912;525651;0.5775784753363229
04912;525961;0.08206278026905829
04912;525553;0.12645739910313902
04912;525600;0.21390134529147983
04911;526096;0.7834507042253521
04911;526231;0.05
04911;526266;0.1665492957746479
04801;526215;0.037349461509894426
04801;525529;0.9320918881638284
04801;560031;0.030558650326277255
98035;522899;0.11631944444444445
95654;523020;0.13533834586466165
92201;522856;0.11247443762781185
07301;522473;0.04487519915029209
07301;522457;0.049522039298990975
07301;523089;0.7800053106744557
07301;523178;0.07116303770578863
07301;522813;0.05443441317047265
07264;522317;0.16681376875551632
07264;522929;0.2974404236540159
07264;523038;0.25772285966460723
07264;523011;0.09532215357458076
07264;522520;0.18270079435127978
07263;522503;0.6019184652278178
07263;522627;0.3980815347721823
07262;522643;1.0
07261;522601;0.2577903682719547
07261;522970;0.3937677053824363
07261;523267;0.34844192634560905
07255;522937;0.3127962085308057
07255;523143;0.16587677725118483
07255;522678;0.5213270142180095
07254;522911;0.11896893588896233
07254;522716;0.5750165234633179
07253;523330;0.4034440344403444
07253;522325;0.5965559655596556
07252;522821;0.3459516298633018
07252;523160;0.2092534174553102
07252;522554;0.444794952681388
07251;522490;0.138801261829653
07251;522830;0.19006309148264985
07251;522660;0.33201892744479494
07251;523313;0.18769716088328076
07251;523046;0.15141955835962145
07244;522384;0.3247721623860812
07244;522333;0.1375310687655344
07244;522341;0.5376967688483845
07243;523232;0.6957123098201936
07243;522350;0.30428769017980634
07242;523224;1.0
07241;523305;0.2896500372300819
07241;523003;0.41027550260610574
07241;523321;0.30007446016381234
07233;522422;0.5555555555555556
06723;522309;0.059594143334189574
06601;522538;0.007362405395664933
01311;522953;0.08159582999198076
09022;543438;0.1637323943661972
05376;543357;1.0
05375;526584;1.0
05363;526568;0.08222294442638935
05363;543152;0.2937926551836204
05363;543713;0.20604484887877803
05363;543616;0.4179395515112122
05362;526436;1.0
05361;543527;0.039695837092408814
05361;543721;0.05438845212011857
05361;543411;0.13403789148086093
05361;526657;0.3353524938780771
05361;543594;0.4365253254285346
05342;543268;0.898704236939531
05342;543250;0.06067461949814891
05342;543209;0.040621143562320036
05340;543535;1.0
05332;526576;1.0
05331;526355;1.0
05323;543489;0.17359792924935288
05323;543519;0.8264020707506471
05322;526444;0.3639240506329114
05322;543403;0.6360759493670886
05321;543306;0.06597975415762834
05321;543331;0.8358640636297903
05321;543349;0.09815618221258135
05315;526398;0.2236248872858431
05315;526592;0.7763751127141569
05313;526363;0.2638934026649334
05313;543284;0.7361065973350667
05311;560154;0.8978057700121902
05311;543161;0.10219422998780983
05301;526533;1.0
05205;526355;1.0
05201;543667;0.02989818595276242
05201;526355;0.9155770324047754
05201;543586;0.05452478164246214
03301;543195;0.0946607788036933
99141;528242;0.4116766467065868
95621;528471;0.34134615384615385
93032;543829;0.0810938236680811
07801;528536;0.05166814289932093
07801;543861;0.07400846373388446
07801;543985;0.03523275268182265
07801;528722;0.839090640684972
07701;528447;1.0
07684;528102;0.20747849106551952
07684;528668;0.16743878226340173
07684;528510;0.6250827266710788
07683;528650;0.6006168080185043
07683;543969;0.39938319198149574
07682;513792;0.43857493857493857
07682;513806;0.5614250614250614
07681;528251;1.0
07664;544019;1.0
07662;528676;0.7515290519877675
07662;528340;0.2484709480122324
07661;528111;0.4138533178114086
07661;543934;0.14551804423748546
07661;528315;0.3533178114086147
07661;543781;0.08731082654249127
07653;528161;0.42923976608187137
07653;543764;0.13157894736842105
07653;543977;0.4391812865497076
07652;543900;0.3787991104521868
07652;543799;0.2168272794662713
07652;528552;0.4043736100815419
07651;528684;1.0
07643;528285;0.08500861573808156
07643;528188;0.22841278958452996
07643;528293;0.6865785946773885
07642;543896;0.5708285605192822
07642;528544;0.42917143948071784
07641;528323;0.26521739130434785
07641;528145;0.7347826086956522
07637;543811;0.3025210084033613
07637;528706;0.6974789915966386
07636;528561;0.37244897959183676
07636;543918;0.6275510204081632
07635;543772;0.7230609057782404
07635;528153;0.2769390942217595
07634;528498;0.46515151515151515
07634;543993;0.5348484848484848
07633;543756;1.0
07632;528269;0.11648079306071871
07632;528129;0.1734820322180917
07632;528170;0.7100371747211895
07631;513831;0.06614654002713705
07631;543802;0.7723880597014925
07631;543926;0.1614654002713704
07622;528382;0.16314553990610328
07622;543951;0.8368544600938967
07617;528609;1.0
07616;513849;0.3025018953752843
07616;544001;0.6974981046247157
07615;543845;0.43893333333333334
07615;528374;0.5610666666666667
07614;528587;0.5280048440811383
07614;528501;0.37844383893430217
07614;528528;0.09355131698455948
07613;528421;0.8500506585612969
07613;528226;0.14994934143870314
07612;528218;0.4650997150997151
07612;543748;0.5349002849002849
07605;528200;0.24322069253233208
07605;528234;0.4885273258239466
07605;544035;0.2682519816437213
07603;543730;0.2633534602879703
07603;528366;0.7366465397120298
07602;544043;0.22857142857142856
07602;528617;0.46122448979591835
07602;528412;0.13424036281179139
07602;528480;0.17596371882086168
07601;544027;0.8597560975609756
07601;528439;0.1402439024390244
07501;528358;0.017138820730165812
07501;528641;0.02784593650085508
07501;528099;0.8630009666146182
07501;528625;0.025243512528812552
07501;544019;0.06677076362554837
06723;528587;0.4479835602363216
05918;528455;0.09780865847140567
