pzs_12;IDENTIFZAR;pzs_8;pzs_6;pzs_ico
N18557620101;N1855722;N1855722;N18557;35514221
N19491003101;N1949101;N1949101;N19491;36167991
N19681014401;N1968101;N1968101;N19681;37886479
N19681107401;N1968101;N1968101;N19681;37886479
N19681156101;N1968101;N1968101;N19681;37886479
N19681156102;N1968101;N1968101;N19681;37886479
N19681156103;N1968101;N1968101;N19681;37886479
N19681156105;N1968101;N1968101;N19681;37886479
N19681156106;N1968101;N1968101;N19681;37886479
N19681156108;N1968101;N1968101;N19681;37886479
N19681200101;N1968101;N1968101;N19681;37886479
N19697003101;N1969701;N1969701;N19697;37886304
N21149001101;N2114901;N2114901;N21149;17335469
N21149001102;N2114901;N2114901;N21149;17335469
N21149004101;N2114901;N2114901;N21149;17335469
N21149007101;N2114901;N2114901;N21149;17335469
N21149009101;N2114901;N2114901;N21149;17335469
N21149009177;;N21149xx;N21149;17335469
N21149009401;N2114901;N2114901;N21149;17335469
N21149010101;N2114901;N2114901;N21149;17335469
N21149010401;N2114901;N2114901;N21149;17335469
N21149013101;N2114901;N2114901;N21149;17335469
N21149013177;;N21149xx;N21149;17335469
N21149013401;N2114901;N2114901;N21149;17335469
N21149025101;N2114901;N2114901;N21149;17335469
N21149051101;N2114901;N2114901;N21149;17335469
N21149193101;N2114901;N2114901;N21149;17335469
N21149196101;N2114901;N2114901;N21149;17335469
N21149199101;N2114901;N2114901;N21149;17335469
N21149201101;N2114901;N2114901;N21149;17335469
N21149202101;N2114901;N2114901;N21149;17335469
N21149205101;N2114901;N2114901;N21149;17335469
N21149609101;N2114901;N2114901;N21149;17335469
N21149613101;N2114901;N2114901;N21149;17335469
N21149707101;N2114901;N2114901;N21149;17335469
N22001001101;N2200101;N2200101;N22001;36513458
N22001004101;N2200101;N2200101;N22001;36513458
N22001007101;N2200101;N2200101;N22001;36513458
N22001009101;N2200101;N2200101;N22001;36513458
N22001009401;N2200101;N2200101;N22001;36513458
N22001010101;N2200101;N2200101;N22001;36513458
N22001010401;N2200101;N2200101;N22001;36513458
N22001011101;N2200101;N2200101;N22001;36513458
N22001011401;N2200101;N2200101;N22001;36513458
N22001012101;N2200101;N2200101;N22001;36513458
N22001012401;N2200101;N2200101;N22001;36513458
N22001013101;N2200101;N2200101;N22001;36513458
N22001013401;N2200101;N2200101;N22001;36513458
N22001014101;N2200101;N2200101;N22001;36513458
N22001014401;N2200101;N2200101;N22001;36513458
N22001015401;N2200101;N2200101;N22001;36513458
N22001025101;N2200101;N2200101;N22001;36513458
N22001027101;N2200101;N2200101;N22001;36513458
N22001048401;N2200101;N2200101;N22001;36513458
N22001051101;N2200101;N2200101;N22001;36513458
N22001060101;N2200101;N2200101;N22001;36513458
N22001198101;N2200101;N2200101;N22001;36513458
N22001199101;N2200101;N2200101;N22001;36513458
N22001201101;N2200101;N2200101;N22001;36513458
N22001202101;N2200101;N2200101;N22001;36513458
N22001203101;N2200101;N2200101;N22001;36513458
N22001278101;N2200101;N2200101;N22001;36513458
N22001613101;N2200101;N2200101;N22001;36513458
N22399001101;N2239901;N2239901;N22399;31908969
N22399004101;N2239901;N2239901;N22399;31908969
N22399007101;N2239901;N2239901;N22399;31908969
N22399009101;N2239901;N2239901;N22399;31908969
N22399009177;;N22399xx;N22399;31908969
N22399009401;N2239901;N2239901;N22399;31908969
N22399010101;N2239901;N2239901;N22399;31908969
N22399010177;;N22399xx;N22399;31908969
N22399010401;N2239901;N2239901;N22399;31908969
N22399011401;N2239901;N2239901;N22399;31908969
N22399013401;N2239901;N2239901;N22399;31908969
N22399025101;N2239901;N2239901;N22399;31908969
N22399051101;N2239901;N2239901;N22399;31908969
N22399196101;N2239901;N2239901;N22399;31908969
N22399201101;N2239901;N2239901;N22399;31908969
N22399205101;N2239901;N2239901;N22399;31908969
N22951009401;N2295102;N2295102;N22951;31623832
N22951010401;N2295102;N2295102;N22951;31623832
N22951011401;N2295102;N2295102;N22951;31623832
N22951048401;N2295101;N2295101;N22951;31623832
N27005005101;N2700501;N2700501;N27005;00606987
N27005005102;N2700501;N2700501;N27005;00606987
N27005074101;N2700501;N2700501;N27005;00606987
N27005105102;N2700501;N2700501;N27005;00606987
N27353009401;N2735302;N2735302;N27353;36425621
N28081009401;N2808104;N2808104;N28081;36643131
N30911005101;N3091101;N3091101;N30911;17335949
N32499015401;N3249901;N3249901;N32499;36634409
N33067001101;N3306701;N3306701;N33067;00610577
N33067002101;N3306701;N3306701;N33067;00610577
N33067004101;N3306701;N3306701;N33067;00610577
N33067005101;N3306701;N3306701;N33067;00610577
N33067005103;N3306701;N3306701;N33067;00610577
N33067005105;N3306701;N3306701;N33067;00610577
N33067007101;N3306701;N3306701;N33067;00610577
N33067009102;N3306701;N3306701;N33067;00610577
N33067009401;N3306701;N3306701;N33067;00610577
N33067010101;N3306701;N3306701;N33067;00610577
N33067010177;;N33067xx;N33067;00610577
N33067010401;N3306701;N3306701;N33067;00610577
N33067011101;N3306701;N3306701;N33067;00610577
N33067011401;N3306701;N3306701;N33067;00610577
N33067012101;N3306701;N3306701;N33067;00610577
N33067012401;N3306701;N3306701;N33067;00610577
N33067013101;N3306701;N3306701;N33067;00610577
N33067013401;N3306701;N3306701;N33067;00610577
N33067014101;N3306701;N3306701;N33067;00610577
N33067014401;N3306701;N3306701;N33067;00610577
N33067015101;N3306701;N3306701;N33067;00610577
N33067015177;;N33067xx;N33067;00610577
N33067015401;N3306701;N3306701;N33067;00610577
N33067018101;N3306701;N3306701;N33067;00610577
N33067019101;N3306701;N3306701;N33067;00610577
N33067025101;N3306701;N3306701;N33067;00610577
N33067031101;N3306701;N3306701;N33067;00610577
N33067031102;N3306701;N3306701;N33067;00610577
N33067038103;N3306701;N3306701;N33067;00610577
N33067038401;N3306701;N3306701;N33067;00610577
N33067043101;N3306701;N3306701;N33067;00610577
N33067048401;N3306701;N3306701;N33067;00610577
N33067056101;N3306701;N3306701;N33067;00610577
N33067060101;N3306701;N3306701;N33067;00610577
N33067068101;N3306701;N3306701;N33067;00610577
N33067070101;N3306701;N3306701;N33067;00610577
N33067070401;N3306701;N3306701;N33067;00610577
N33067073101;N3306701;N3306701;N33067;00610577
N33067105101;N3306701;N3306701;N33067;00610577
N33067105102;N3306701;N3306701;N33067;00610577
N33067196101;N3306701;N3306701;N33067;00610577
N33067199101;N3306701;N3306701;N33067;00610577
N33067201101;N3306701;N3306701;N33067;00610577
N33067202101;N3306701;N3306701;N33067;00610577
N33067203103;N3306701;N3306701;N33067;00610577
N33067203104;N3306701;N3306701;N33067;00610577
N33067203105;N3306701;N3306701;N33067;00610577
N33067203106;N3306701;N3306701;N33067;00610577
N33067205101;N3306701;N3306701;N33067;00610577
N33067278101;N3306701;N3306701;N33067;00610577
N33067278102;N3306701;N3306701;N33067;00610577
N34535001101;N3453501;N3453501;N34535;37886436
N34535007101;N3453501;N3453501;N34535;37886436
N34535009101;N3453501;N3453501;N34535;37886436
N34535009177;;N34535xx;N34535;37886436
N34535009401;N3453501;N3453501;N34535;37886436
N34535010101;N3453501;N3453501;N34535;37886436
N34535010177;;N34535xx;N34535;37886436
N34535010401;N3453501;N3453501;N34535;37886436
N34535011401;N3453501;N3453501;N34535;37886436
N34535014401;N3453501;N3453501;N34535;37886436
N34535025101;N3453501;N3453501;N34535;37886436
N34535048402;N3453501;N3453501;N34535;37886436
N34535051101;N3453501;N3453501;N34535;37886436
N34535196101;N3453501;N3453501;N34535;37886436
N34535203101;N3453501;N3453501;N34535;37886436
N34535205101;N3453501;N3453501;N34535;37886436
N35643193101;N3564307;N3564307;N35643;35514027
N35643620101;N3564306;N3564306;N35643;35514027
N38843050101;N3884301;N3884301;N38843;37983687
N38843064101;N3884301;N3884301;N38843;37983687
N38843153101;N3884301;N3884301;N38843;37983687
N38843153102;N3884301;N3884301;N38843;37983687
N41521070401;N4152103;N4152103;N41521;36466972
N41659015101;N4165901;N4165901;N41659;36626406
N41659015102;N4165901;N4165901;N41659;36626406
N41659015402;N4165903;N4165903;N41659;36626406
N42231001101;N4223101;N4223101;N42231;00165549
N42231001102;N4223101;N4223101;N42231;00165549
N42231002101;N4223110;N4223110;N42231;00165549
N42231003101;N4223101;N4223101;N42231;00165549
N42231003102;N4223101;N4223101;N42231;00165549
N42231004101;N4223101;N4223101;N42231;00165549
N42231005101;N4223110;N4223110;N42231;00165549
N42231005102;N4223110;N4223110;N42231;00165549
N42231009101;N4223101;N4223101;N42231;00165549
N42231009199;;N42231xx;N42231;00165549
N42231009401;N4223101;N4223101;N42231;00165549
N42231010101;N4223101;N4223101;N42231;00165549
N42231010102;N4223101;N4223101;N42231;00165549
N42231010199;;N42231xx;N42231;00165549
N42231010401;N4223101;N4223101;N42231;00165549
N42231011101;N4223101;N4223101;N42231;00165549
N42231011401;N4223101;N4223101;N42231;00165549
N42231012101;N4223101;N4223101;N42231;00165549
N42231012199;;N42231xx;N42231;00165549
N42231012401;N4223101;N4223101;N42231;00165549
N42231013101;N4223101;N4223101;N42231;00165549
N42231013401;N4223101;N4223101;N42231;00165549
N42231014101;N4223101;N4223101;N42231;00165549
N42231014401;N4223101;N4223101;N42231;00165549
N42231015101;N4223101;N4223101;N42231;00165549
N42231015401;N4223101;N4223101;N42231;00165549
N42231018101;N4223101;N4223101;N42231;00165549
N42231019101;N4223101;N4223101;N42231;00165549
N42231025101;N4223101;N4223101;N42231;00165549
N42231031101;N4223101;N4223101;N42231;00165549
N42231037101;N4223101;N4223101;N42231;00165549
N42231037401;N4223109;N4223109;N42231;00165549
N42231038101;N4223101;N4223101;N42231;00165549
N42231038401;N4223101;N4223101;N42231;00165549
N42231046101;N4223101;N4223101;N42231;00165549
N42231048401;N4223101;N4223101;N42231;00165549
N42231051101;N4223101;N4223101;N42231;00165549
N42231068101;N4223101;N4223101;N42231;00165549
N42231068401;N4223101;N4223101;N42231;00165549
N42231070101;N4223101;N4223101;N42231;00165549
N42231070401;N4223101;N4223101;N42231;00165549
N42231196101;N4223101;N4223101;N42231;00165549
N42231201101;N4223101;N4223101;N42231;00165549
N42231203101;N4223101;N4223101;N42231;00165549
N42231306101;N4223101;N4223101;N42231;00165549
N42231625101;N4223101;N4223101;N42231;00165549
N42231631101;N4223101;N4223101;N42231;00165549
N42231637101;N4223101;N4223101;N42231;00165549
N42231707101;N4223101;N4223101;N42231;00165549
N42231708101;N4223101;N4223101;N42231;00165549
N43307193101;N4330701;N4330701;N43307;36505129
N44805205101;N4480501;N4480501;N44805;17336171
N44807010401;N4480701;N4480701;N44807;36507148
N45027027101;N4502701;N4502701;N45027;31716857
N47369010401;N4736902;N4736902;N47369;36022870
N47369011401;N4736902;N4736902;N47369;36022870
N48185193101;N4818504;N4818504;N48185;36450740
N48965014401;N4896501;N4896501;N48965;36016594
N49813007101;N4981301;N4981301;N49813;37957937
N49813013401;N4981301;N4981301;N49813;37957937
N49813038401;N4981301;N4981301;N49813;37957937
N49813107101;N4981301;N4981301;N49813;37957937
N49813107401;N4981301;N4981301;N49813;37957937
N49813108402;N4981301;N4981301;N49813;37957937
N49813109401;N4981301;N4981301;N49813;37957937
N49813114402;N4981301;N4981301;N49813;37957937
N49813323101;N4981301;N4981301;N49813;37957937
N49813329101;N4981301;N4981301;N49813;37957937
N49813332101;N4981301;N4981301;N49813;37957937
N49813336402;N4981301;N4981301;N49813;37957937
N50139001101;N5013901;N5013901;N50139;37954571
N50139002101;N5013901;N5013901;N50139;37954571
N50139004101;N5013901;N5013901;N50139;37954571
N50139007101;N5013901;N5013901;N50139;37954571
N50139009101;N5013901;N5013901;N50139;37954571
N50139009177;;N50139xx;N50139;37954571
N50139009401;N5013901;N5013901;N50139;37954571
N50139010101;N5013901;N5013901;N50139;37954571
N50139010177;;N50139xx;N50139;37954571
N50139010401;N5013901;N5013901;N50139;37954571
N50139011101;N5013901;N5013901;N50139;37954571
N50139011401;N5013901;N5013901;N50139;37954571
N50139012101;N5013901;N5013901;N50139;37954571
N50139012401;N5013901;N5013901;N50139;37954571
N50139014101;N5013901;N5013901;N50139;37954571
N50139014401;N5013901;N5013901;N50139;37954571
N50139015401;N5013901;N5013901;N50139;37954571
N50139025101;N5013901;N5013901;N50139;37954571
N50139043101;N5013901;N5013901;N50139;37954571
N50139051101;N5013901;N5013901;N50139;37954571
N50139068101;N5013901;N5013901;N50139;37954571
N50139196101;N5013901;N5013901;N50139;37954571
N50139199101;N5013901;N5013901;N50139;37954571
N50139202101;N5013901;N5013901;N50139;37954571
N50139205101;N5013901;N5013901;N50139;37954571
N50139332101;N5013901;N5013901;N50139;37954571
N50139602101;N5013901;N5013901;N50139;37954571
N50139611101;N5013901;N5013901;N50139;37954571
N50139620101;N5013906;N5013906;N50139;37954571
N50139668101;N5013901;N5013901;N50139;37954571
N51751001101;N5175101;N5175101;N51751;31908977
N51751007101;N5175101;N5175101;N51751;31908977
N51751010101;N5175101;N5175101;N51751;31908977
N51751010177;;N51751xx;N51751;31908977
N51751010401;N5175101;N5175101;N51751;31908977
N51751011401;N5175101;N5175101;N51751;31908977
N51751013101;N5175101;N5175101;N51751;31908977
N51751013401;N5175101;N5175101;N51751;31908977
N51751025101;N5175101;N5175101;N51751;31908977
N51751048401;N5175101;N5175101;N51751;31908977
N51751196101;N5175101;N5175101;N51751;31908977
N51751196102;;N51751xx;N51751;31908977
N51751202101;N5175101;N5175101;N51751;31908977
N51751205101;N5175101;N5175101;N51751;31908977
N55966027101;N5596601;N5596601;N55966;00518140
N56229001101;N5622901;N5622901;N56229;37886851
N56229004101;N5622901;N5622901;N56229;37886851
N56229007101;N5622901;N5622901;N56229;37886851
N56229009101;N5622901;N5622901;N56229;37886851
N56229009401;N5622901;N5622901;N56229;37886851
N56229010101;N5622901;N5622901;N56229;37886851
N56229010401;N5622901;N5622901;N56229;37886851
N56229011402;N5622901;N5622901;N56229;37886851
N56229013101;N5622901;N5622901;N56229;37886851
N56229025101;N5622901;N5622901;N56229;37886851
N56229051101;N5622901;N5622901;N56229;37886851
N56229205101;N5622901;N5622901;N56229;37886851
N56229625102;N5622901;N5622901;N56229;37886851
N56920005101;N5692001;N5692001;N56920;17335612
N56920005102;N5692001;N5692001;N56920;17335612
N56920005103;N5692001;N5692001;N56920;17335612
N56920005105;N5692001;N5692001;N56920;17335612
N56920005106;N5692001;N5692001;N56920;17335612
N58271027108;N5827103;N5827103;N58271;00165476
N61173010402;N6117301;N6117301;N61173;36514969
N61173012402;N6117301;N6117301;N61173;36514969
N61173014101;N6117301;N6117301;N61173;36514969
N61173014402;N6117301;N6117301;N61173;36514969
N61173038402;N6117301;N6117301;N61173;36514969
N66395010401;N6639506;N6639506;N66395;36627321
N68103015401;N6810302;N6810302;N68103;36652725
N71098009401;N7109806;N7109806;N71098;36490334
N71098010401;N7109805;N7109805;N71098;36490334
N71098011401;N7109809;N7109809;N71098;36490334
N71098014401;N7109803;N7109803;N71098;36490334
N71098015401;N7109807;N7109807;N71098;36490334
N75723009401;N7572302;N7572302;N75723;36485233
N75877005101;N7587701;N7587701;N75877;37954920
N75877073101;N7587701;N7587701;N75877;37954920
N75877073102;N7587701;N7587701;N75877;37954920
N75877073103;N7587701;N7587701;N75877;37954920
N80847001101;N8084701;N8084701;N80847;36509108
N80847007101;N8084701;N8084701;N80847;36509108
N80847009101;N8084701;N8084701;N80847;36509108
N80847009177;;N80847xx;N80847;36509108
N80847009401;N8084701;N8084701;N80847;36509108
N80847010101;N8084701;N8084701;N80847;36509108
N80847010177;;N80847xx;N80847;36509108
N80847010401;N8084701;N8084701;N80847;36509108
N80847025101;N8084701;N8084701;N80847;36509108
N80847051101;N8084701;N8084701;N80847;36509108
N80847196101;N8084701;N8084701;N80847;36509108
N80847202101;N8084701;N8084701;N80847;36509108
N81227010401;N8122702;N8122702;N81227;36467723
N84209001101;N8420901;N8420901;N84209;36167908
N84209004101;N8420901;N8420901;N84209;36167908
N84209005101;N8420901;N8420901;N84209;36167908
N84209007101;N8420901;N8420901;N84209;36167908
N84209009101;N8420901;N8420901;N84209;36167908
N84209009401;N8420901;N8420901;N84209;36167908
N84209010101;N8420901;N8420901;N84209;36167908
N84209010401;N8420901;N8420901;N84209;36167908
N84209011401;N8420901;N8420901;N84209;36167908
N84209013101;N8420901;N8420901;N84209;36167908
N84209013401;N8420901;N8420901;N84209;36167908
N84209015401;N8420901;N8420901;N84209;36167908
N84209025101;N8420901;N8420901;N84209;36167908
N84209027101;N8420901;N8420901;N84209;36167908
N84209048401;N8420901;N8420901;N84209;36167908
N84209051101;N8420901;N8420901;N84209;36167908
N84209060101;N8420901;N8420901;N84209;36167908
N84209196101;N8420901;N8420901;N84209;36167908
N84209201101;N8420901;N8420901;N84209;36167908
N84209202101;N8420901;N8420901;N84209;36167908
N84209205101;N8420901;N8420901;N84209;36167908
N84209613101;N8420901;N8420901;N84209;36167908
N84271010401;N8427108;N8427108;N84271;36490008
N84271011401;N8427108;N8427108;N84271;36490008
N84271014401;N8427108;N8427108;N84271;36490008
N86069010401;N8606901;N8606901;N86069;36501956
N86069011401;N8606903;N8606903;N86069;36501956
N91203205101;N9120301;N9120301;N91203;36621242
N92725001101;N9272501;N9272501;N92725;17335825
N92725001102;N9272501;N9272501;N92725;17335825
N92725004101;N9272501;N9272501;N92725;17335825
N92725005101;N9272501;N9272501;N92725;17335825
N92725007101;N9272501;N9272501;N92725;17335825
N92725009101;N9272501;N9272501;N92725;17335825
N92725009177;;N92725xx;N92725;17335825
N92725009401;N9272501;N9272501;N92725;17335825
N92725010101;N9272501;N9272501;N92725;17335825
N92725010177;;N92725xx;N92725;17335825
N92725010401;N9272501;N9272501;N92725;17335825
N92725011101;N9272501;N9272501;N92725;17335825
N92725011401;N9272501;N9272501;N92725;17335825
N92725012101;N9272501;N9272501;N92725;17335825
N92725012177;;N92725xx;N92725;17335825
N92725012401;N9272501;N9272501;N92725;17335825
N92725013101;N9272501;N9272501;N92725;17335825
N92725013177;;N92725xx;N92725;17335825
N92725013401;N9272501;N9272501;N92725;17335825
N92725014101;N9272501;N9272501;N92725;17335825
N92725014177;;N92725xx;N92725;17335825
N92725014401;N9272501;N9272501;N92725;17335825
N92725015101;N9272501;N9272501;N92725;17335825
N92725015177;;N92725xx;N92725;17335825
N92725015401;N9272501;N9272501;N92725;17335825
N92725025101;N9272501;N9272501;N92725;17335825
N92725027101;N9272501;N9272501;N92725;17335825
N92725037101;N9272501;N9272501;N92725;17335825
N92725043101;N9272501;N9272501;N92725;17335825
N92725048401;N9272501;N9272501;N92725;17335825
N92725051101;N9272501;N9272501;N92725;17335825
N92725073101;N9272501;N9272501;N92725;17335825
N92725108101;N9272501;N9272501;N92725;17335825
N92725193101;N9272504;N9272504;N92725;17335825
N92725196101;N9272501;N9272501;N92725;17335825
N92725199101;N9272501;N9272501;N92725;17335825
N92725201101;N9272501;N9272501;N92725;17335825
N92725202101;N9272501;N9272501;N92725;17335825
N92725203101;N9272501;N9272501;N92725;17335825
N92725205101;N9272501;N9272501;N92725;17335825
N92725609101;N9272501;N9272501;N92725;17335825
N92725611101;N9272501;N9272501;N92725;17335825
N92725612101;N9272501;N9272501;N92725;17335825
N92725613101;N9272501;N9272501;N92725;17335825
N92725637101;N9272501;N9272501;N92725;17335825
N92931009401;N9293101;N9293101;N92931;36402630
N92931010401;N9293101;N9293101;N92931;36402630
N92931011401;N9293101;N9293101;N92931;36402630
N92931014401;N9293101;N9293101;N92931;36402630
N92935015401;N9293501;N9293501;N92935;36412465
N92999003101;N9299901;N9299901;N92999;00227811
N92999003102;N9299901;N9299901;N92999;00227811
N92999003103;N9299901;N9299901;N92999;00227811
N92999003104;N9299901;N9299901;N92999;00227811
N92999003105;N9299901;N9299901;N92999;00227811
N92999015101;N9299901;N9299901;N92999;00227811
N92999025101;N9299901;N9299901;N92999;00227811
N92999106101;N9299901;N9299901;N92999;00227811
N92999200101;N9299901;N9299901;N92999;00227811
N92999706101;N9299901;N9299901;N92999;00227811
O70251025401;O7025103;O7025103;O70251;37856979
P01675001101;P0167501;P0167501;P01675;50861450
P01675004101;P0167501;P0167501;P01675;50861450
P01675007101;P0167501;P0167501;P01675;50861450
P01675009101;P0167501;P0167501;P01675;50861450
P01675009177;;P01675xx;P01675;50861450
P01675009401;P0167501;P0167501;P01675;50861450
P01675010101;P0167501;P0167501;P01675;50861450
P01675010177;;P01675xx;P01675;50861450
P01675010401;P0167501;P0167501;P01675;50861450
P01675011101;P0167501;P0167501;P01675;50861450
P01675011177;;P01675xx;P01675;50861450
P01675011401;P0167501;P0167501;P01675;50861450
P01675012401;P0167501;P0167501;P01675;50861450
P01675013101;P0167501;P0167501;P01675;50861450
P01675013177;;P01675xx;P01675;50861450
P01675013401;P0167501;P0167501;P01675;50861450
P01675025101;P0167501;P0167501;P01675;50861450
P01675051101;P0167501;P0167501;P01675;50861450
P01675193101;P0167502;P0167502;P01675;50861450
P01675196101;P0167501;P0167501;P01675;50861450
P01675201101;P0167501;P0167501;P01675;50861450
P01675205101;P0167501;P0167501;P01675;50861450
P01675613101;P0167501;P0167501;P01675;50861450
P02150001101;P0215001;P0215001;P02150;45736987
P02150193101;P0215009;P0215009;P02150;45736987
P02150205101;P0215001;P0215001;P02150;45736987
P02816001101;P0281601;P0281601;P02816;36524921
P02816009101;P0281601;P0281601;P02816;36524921
P02816009401;P0281601;P0281601;P02816;36524921
P02816010101;P0281601;P0281601;P02816;36524921
P02816010401;P0281601;P0281601;P02816;36524921
P02816025101;P0281601;P0281601;P02816;36524921
P02824001101;P0282401;P0282401;P02824;47249021
P02824004101;P0282401;P0282401;P02824;47249021
P02824007101;P0282401;P0282401;P02824;47249021
P02824009101;P0282401;P0282401;P02824;47249021
P02824009401;P0282401;P0282401;P02824;47249021
P02824010101;P0282401;P0282401;P02824;47249021
P02824010177;;P02824xx;P02824;47249021
P02824010401;P0282401;P0282401;P02824;47249021
P02824013101;P0282401;P0282401;P02824;47249021
P02824013401;P0282401;P0282401;P02824;47249021
P02824025101;P0282401;P0282401;P02824;47249021
P02824027101;P0282401;P0282401;P02824;47249021
P02824027102;P0282403;P0282403;P02824;47249021
P02824051101;P0282401;P0282401;P02824;47249021
P02824192101;P0282401;P0282401;P02824;47249021
P02824193101;P0282404;P0282404;P02824;47249021
P02824193102;P0282405;P0282405;P02824;47249021
P02824196101;P0282401;P0282401;P02824;47249021
P02824201101;P0282401;P0282401;P02824;47249021
P02824202101;P0282401;P0282401;P02824;47249021
P02824205101;P0282403;P0282403;P02824;47249021
P02828012401;P0282801;P0282801;P02828;36842079
P02828014401;P0282823;P0282823;P02828;36842079
P02828014402;P0282805;P0282805;P02828;36842079
P02851025101;P0285107;P0285107;P02851;54042143
P02851049101;P0285107;P0285107;P02851;54042143
P02851049102;P0285107;P0285107;P02851;54042143
P02851056101;P0285107;P0285107;P02851;54042143
P02851068101;P0285107;P0285107;P02851;54042143
P02851069101;P0285107;P0285107;P02851;54042143
P02851197101;P0285107;P0285107;P02851;54042143
P02851197102;P0285107;P0285107;P02851;54042143
P02851278101;P0285107;P0285107;P02851;54042143
P02851278102;P0285107;P0285107;P02851;54042143
P02851660101;P0285107;P0285107;P02851;54042143
P03513620101;P0351301;P0351301;P03513;45739013
P03631011401;P0363102;P0363102;P03631;46800832
P05531070401;P0553102;P0553102;P05531;51729750
P07438010401;P0743801;P0743801;P07438;46403884
P07438012401;P0743801;P0743801;P07438;46403884
P08555048401;P0855501;P0855501;P08555;46753974
P09180027101;P0918001;P0918001;P09180;52108341
P09180027102;;P09180xx;P09180;52108341
P12733011401;P1273301;P1273301;P12733;47828854
P12733015401;P1273301;P1273301;P12733;47828854
P12928009401;P1292833;P1292833;P12928;51179458
P12928011401;P1292832;P1292832;P12928;51179458
P12928012401;P1292834;P1292834;P12928;51179458
P12928048401;P1292803;P1292803;P12928;51179458
P12928048402;P1292805;P1292805;P12928;51179458
P13370009401;P1337002;P1337002;P13370;53123581
P15507015401;P1550701;P1550701;P15507;45346569
P15507015402;P1550702;P1550702;P15507;45346569
P15822009401;P1582201;P1582201;P15822;44258275
P16521010401;P1652108;P1652108;P16521;53376111
P16521011401;P1652104;P1652104;P16521;53376111
P16521014401;P1652106;P1652106;P16521;53376111
P18040011401;P1804002;P1804002;P18040;44413874
P18812009401;P1881202;P1881202;P18812;45313865
P18849010401;P1884902;P1884902;P18849;51944081
P19393005101;P1939301;P1939301;P19393;00607274
P19393005103;P1939301;P1939301;P19393;00607274
P19393005105;P1939301;P1939301;P19393;00607274
P19393005107;P1939301;P1939301;P19393;00607274
P19393073101;P1939301;P1939301;P19393;00607274
P19393074101;P1939301;P1939301;P19393;00607274
P19795048401;P1979502;P1979502;P19795;47918497
P19800001101;P1980001;P1980001;P19800;45737967
P19800007101;P1980001;P1980001;P19800;45737967
P19800009101;P1980001;P1980001;P19800;45737967
P19800009177;;P19800xx;P19800;45737967
P19800009401;P1980001;P1980001;P19800;45737967
P19800010101;P1980001;P1980001;P19800;45737967
P19800010177;;P19800xx;P19800;45737967
P19800010401;P1980001;P1980001;P19800;45737967
P19800013101;P1980001;P1980001;P19800;45737967
P19800013401;P1980001;P1980001;P19800;45737967
P19800025101;P1980001;P1980001;P19800;45737967
P19800051101;P1980001;P1980001;P19800;45737967
P19800192101;P1980001;P1980001;P19800;45737967
P19800196101;P1980001;P1980001;P19800;45737967
P19800205101;P1980001;P1980001;P19800;45737967
P20419027102;P2041903;P2041903;P20419;36084328
P20419193101;P2041904;P2041904;P20419;36084328
P20419205101;P2041901;P2041901;P20419;36084328
P20534048401;P2053403;P2053403;P20534;47401869
P20979001101;P2097901;P2097901;P20979;00610381
P20979002101;P2097901;P2097901;P20979;00610381
P20979003101;P2097901;P2097901;P20979;00610381
P20979004101;P2097901;P2097901;P20979;00610381
P20979005101;P2097901;P2097901;P20979;00610381
P20979007101;P2097901;P2097901;P20979;00610381
P20979009101;P2097901;P2097901;P20979;00610381
P20979009401;P2097901;P2097901;P20979;00610381
P20979010101;P2097901;P2097901;P20979;00610381
P20979010401;P2097901;P2097901;P20979;00610381
P20979011401;P2097901;P2097901;P20979;00610381
P20979012101;P2097901;P2097901;P20979;00610381
P20979012401;P2097901;P2097901;P20979;00610381
P20979013101;P2097901;P2097901;P20979;00610381
P20979013401;P2097901;P2097901;P20979;00610381
P20979014101;P2097901;P2097901;P20979;00610381
P20979014401;P2097901;P2097901;P20979;00610381
P20979015101;P2097901;P2097901;P20979;00610381
P20979015401;P2097901;P2097901;P20979;00610381
P20979018101;P2097901;P2097901;P20979;00610381
P20979019101;P2097901;P2097901;P20979;00610381
P20979025101;P2097901;P2097901;P20979;00610381
P20979048401;P2097901;P2097901;P20979;00610381
P20979049102;P2097901;P2097901;P20979;00610381
P20979051101;P2097901;P2097901;P20979;00610381
P20979051102;P2097901;P2097901;P20979;00610381
P20979060101;P2097901;P2097901;P20979;00610381
P20979095101;P2097901;P2097901;P20979;00610381
P20979095102;P2097901;P2097901;P20979;00610381
P20979095199;;P20979xx;P20979;00610381
P20979196102;P2097901;P2097901;P20979;00610381
P20979197102;P2097901;P2097901;P20979;00610381
P20979199101;P2097901;P2097901;P20979;00610381
P20979201101;P2097901;P2097901;P20979;00610381
P20979202101;P2097901;P2097901;P20979;00610381
P20979203101;P2097901;P2097901;P20979;00610381
P20979602102;P2097901;P2097901;P20979;00610381
P20979613101;P2097901;P2097901;P20979;00610381
P21817015401;P2181702;P2181702;P21817;36547140
P22041001101;P2204101;P2204101;P22041;36182672
P22041007101;P2204101;P2204101;P22041;36182672
P22041009101;P2204101;P2204101;P22041;36182672
P22041009177;;P22041xx;P22041;36182672
P22041009401;P2204101;P2204101;P22041;36182672
P22041010101;P2204101;P2204101;P22041;36182672
P22041010177;;P22041xx;P22041;36182672
P22041010401;P2204101;P2204101;P22041;36182672
P22041025101;P2204101;P2204101;P22041;36182672
P22041051101;P2204101;P2204101;P22041;36182672
P22041196101;P2204101;P2204101;P22041;36182672
P22041202101;P2204101;P2204101;P22041;36182672
P22041205101;P2204101;P2204101;P22041;36182672
P22041707101;P2204101;P2204101;P22041;36182672
P23044010401;P2304401;P2304401;P23044;51237016
P23599038401;P2359901;P2359901;P23599;47654295
P24375620101;P2437501;P2437501;P24375;50333356
P24493009401;P2449301;P2449301;P24493;35938862
P24493010401;P2449301;P2449301;P24493;35938862
P24493011401;P2449301;P2449301;P24493;35938862
P24493013401;P2449301;P2449301;P24493;35938862
P24720009401;P2472001;P2472001;P24720;44705425
P24720010401;P2472001;P2472001;P24720;44705425
P24720011401;P2472001;P2472001;P24720;44705425
P24731014402;P2473101;P2473101;P24731;43866361
P25477073101;P2547701;P2547701;P25477;37957651
P25534001101;P2553401;P2553401;P25534;53773411
P25534004101;P2553401;P2553401;P25534;53773411
P25534009101;P2553401;P2553401;P25534;53773411
P25534009401;P2553401;P2553401;P25534;53773411
P25534010101;P2553401;P2553401;P25534;53773411
P25534010401;P2553401;P2553401;P25534;53773411
P25534011101;P2553401;P2553401;P25534;53773411
P25534011401;P2553401;P2553401;P25534;53773411
P25534012101;P2553401;P2553401;P25534;53773411
P25534012401;P2553401;P2553401;P25534;53773411
P25534014101;P2553401;P2553401;P25534;53773411
P25534014401;P2553401;P2553401;P25534;53773411
P25534015401;P2553401;P2553401;P25534;53773411
P25534019101;P2553401;P2553401;P25534;53773411
P25534025101;P2553401;P2553401;P25534;53773411
P25534037101;P2553401;P2553401;P25534;53773411
P25534043101;P2553401;P2553401;P25534;53773411
P25534048101;P2553401;P2553401;P25534;53773411
P25534048401;P2553401;P2553401;P25534;53773411
P25534051101;P2553401;P2553401;P25534;53773411
P25534707101;P2553401;P2553401;P25534;53773411
P25575011402;P2557506;P2557506;P25575;35870281
P25575013402;P2557507;P2557507;P25575;35870281
P26381038401;P2638101;P2638101;P26381;47894296
P26592068401;P2659211;P2659211;P26592;52112829
P26593011401;P2659301;P2659301;P26593;35900580
P26593013401;P2659304;P2659304;P26593;35900580
P26931193102;P2693101;P2693101;P26931;42204267
P27233001101;P2723301;P2723301;P27233;47249048
P27233004101;P2723301;P2723301;P27233;47249048
P27233007101;P2723301;P2723301;P27233;47249048
P27233009101;P2723301;P2723301;P27233;47249048
P27233009401;P2723301;P2723301;P27233;47249048
P27233010101;P2723301;P2723301;P27233;47249048
P27233010177;;P27233xx;P27233;47249048
P27233010401;P2723301;P2723301;P27233;47249048
P27233011101;P2723301;P2723301;P27233;47249048
P27233011401;P2723301;P2723301;P27233;47249048
P27233013101;P2723301;P2723301;P27233;47249048
P27233025101;P2723301;P2723301;P27233;47249048
P27233051101;P2723301;P2723301;P27233;47249048
P27233196101;P2723301;P2723301;P27233;47249048
P27233201101;P2723301;P2723301;P27233;47249048
P27233203101;P2723301;P2723301;P27233;47249048
P27233205101;P2723301;P2723301;P27233;47249048
P27233707101;P2723301;P2723301;P27233;47249048
P27843010401;P2784301;P2784301;P27843;36437069
P27843011401;P2784301;P2784301;P27843;36437069
P28247005101;P2824701;P2824701;P28247;00607266
P28247005102;P2824701;P2824701;P28247;00607266
P28247073101;P2824701;P2824701;P28247;00607266
P28247074101;P2824701;P2824701;P28247;00607266
P29189001101;P2918901;P2918901;P29189;35865679
P29189009101;P2918901;P2918901;P29189;35865679
P29189009401;P2918901;P2918901;P29189;35865679
P29189010101;P2918901;P2918901;P29189;35865679
P29189010177;;P29189xx;P29189;35865679
P29189010401;P2918901;P2918901;P29189;35865679
P29189011101;P2918901;P2918901;P29189;35865679
P29189011401;P2918901;P2918901;P29189;35865679
P29189012401;P2918901;P2918901;P29189;35865679
P29189013401;P2918901;P2918901;P29189;35865679
P29189014401;P2918901;P2918901;P29189;35865679
P29189015401;P2918901;P2918901;P29189;35865679
P29189025101;P2918901;P2918901;P29189;35865679
P29189048401;P2918901;P2918901;P29189;35865679
P29189060101;P2918901;P2918901;P29189;35865679
P29189196101;P2918901;P2918901;P29189;35865679
P29189202101;P2918901;P2918901;P29189;35865679
P29413048401;P2941302;P2941302;P29413;36266639
P29575048401;P2957501;P2957501;P29575;36566624
P30347010401;P3034702;P3034702;P30347;31695132
P30347015401;P3034701;P3034701;P30347;31695132
P30385049101;P3038501;P3038501;P30385;36562882
P30385278101;P3038501;P3038501;P30385;36562882
P30637015401;P3063702;P3063702;P30637;18046631
P30759015401;P3075901;P3075901;P30759;31341179
P31039010401;P3103902;P3103902;P31039;36326445
P31039011401;P3103904;P3103904;P31039;36326445
P31039012401;P3103905;P3103905;P31039;36326445
P31075010401;P3107502;P3107502;P31075;36333379
P31075011401;P3107506;P3107506;P31075;36333379
P31075013401;P3107505;P3107505;P31075;36333379
P31622011401;P3162202;P3162202;P31622;46922334
P31683019101;P3168301;P3168301;P31683;35681462
P31683025101;P3168301;P3168301;P31683;35681462
P31683043101;P3168301;P3168301;P31683;35681462
P31683047101;P3168301;P3168301;P31683;35681462
P31683070101;P3168301;P3168301;P31683;35681462
P31683229101;P3168301;P3168301;P31683;35681462
P31683319101;P3168301;P3168301;P31683;35681462
P31683601101;P3168301;P3168301;P31683;35681462
P31683601104;;P31683xx;P31683;35681462
P31989011401;P3198901;P3198901;P31989;46452362
P32051009401;P3205104;P3205104;P32051;36244589
P32051010401;P3205108;P3205108;P32051;36244589
P32051011401;P3205107;P3205107;P32051;36244589
P32051013401;P3205103;P3205103;P32051;36244589
P34109073101;P3410901;P3410901;P34109;17336201
P34114070101;P3411406;P3411406;P34114;45739897
P34114070401;P3411415;P3411415;P34114;45739897
P34851015401;P3485102;P3485102;P34851;53350626
P35403009401;P3540301;P3540301;P35403;44750196
P35968025101;P3596801;P3596801;P35968;36644331
P35968049101;P3596801;P3596801;P35968;36644331
P35968056101;P3596801;P3596801;P35968;36644331
P35968069101;P3596801;P3596801;P35968;36644331
P35968278101;P3596801;P3596801;P35968;36644331
P35968278102;P3596801;P3596801;P35968;36644331
P36605001101;P3660501;P3660501;P36605;36597350
P36605004101;P3660501;P3660501;P36605;36597350
P36605007101;P3660501;P3660501;P36605;36597350
P36605009101;P3660501;P3660501;P36605;36597350
P36605009177;;P36605xx;P36605;36597350
P36605009401;P3660501;P3660501;P36605;36597350
P36605010101;P3660501;P3660501;P36605;36597350
P36605010177;;P36605xx;P36605;36597350
P36605010401;P3660501;P3660501;P36605;36597350
P36605012401;P3660501;P3660501;P36605;36597350
P36605013101;P3660501;P3660501;P36605;36597350
P36605013401;P3660501;P3660501;P36605;36597350
P36605025101;P3660501;P3660501;P36605;36597350
P36605027101;P3660501;P3660501;P36605;36597350
P36605051101;P3660501;P3660501;P36605;36597350
P36605196101;P3660501;P3660501;P36605;36597350
P36605199101;P3660501;P3660501;P36605;36597350
P36605201101;P3660501;P3660501;P36605;36597350
P36605202101;P3660501;P3660501;P36605;36597350
P36605205101;P3660501;P3660501;P36605;36597350
P36605707101;P3660501;P3660501;P36605;36597350
P36632073101;P3663201;P3663201;P36632;36431834
P36669620101;P3666901;P3666901;P36669;42000912
P36845001101;P3684501;P3684501;P36845;44570783
P36845004101;P3684501;P3684501;P36845;44570783
P36845009102;P3684501;P3684501;P36845;44570783
P36845009177;;P36845xx;P36845;44570783
P36845009401;P3684501;P3684501;P36845;44570783
P36845010101;P3684501;P3684501;P36845;44570783
P36845010177;;P36845xx;P36845;44570783
P36845010178;;P36845xx;P36845;44570783
P36845010401;P3684501;P3684501;P36845;44570783
P36845010402;P3684505;P3684505;P36845;44570783
P36845011102;P3684501;P3684501;P36845;44570783
P36845011177;;P36845xx;P36845;44570783
P36845011178;;P36845xx;P36845;44570783
P36845011401;P3684501;P3684501;P36845;44570783
P36845011402;P3684505;P3684505;P36845;44570783
P36845012102;P3684501;P3684501;P36845;44570783
P36845012177;;P36845xx;P36845;44570783
P36845012178;;P36845xx;P36845;44570783
P36845012401;P3684501;P3684501;P36845;44570783
P36845012402;P3684505;P3684505;P36845;44570783
P36845013101;P3684501;P3684501;P36845;44570783
P36845013177;;P36845xx;P36845;44570783
P36845013401;P3684501;P3684501;P36845;44570783
P36845014101;P3684501;P3684501;P36845;44570783
P36845014177;;P36845xx;P36845;44570783
P36845014401;P3684501;P3684501;P36845;44570783
P36845015101;P3684501;P3684501;P36845;44570783
P36845015177;;P36845xx;P36845;44570783
P36845015401;P3684501;P3684501;P36845;44570783
P36845025101;P3684501;P3684501;P36845;44570783
P36845037101;P3684501;P3684501;P36845;44570783
P36845038178;;P36845xx;P36845;44570783
P36845038401;P3684505;P3684505;P36845;44570783
P36845048101;P3684501;P3684501;P36845;44570783
P36845048401;P3684501;P3684501;P36845;44570783
P36845049101;P3684501;P3684501;P36845;44570783
P36845060101;P3684504;P3684504;P36845;44570783
P36845196101;P3684501;P3684501;P36845;44570783
P36845197101;P3684501;P3684501;P36845;44570783
P36845202101;P3684501;P3684501;P36845;44570783
P36845205101;P3684504;P3684504;P36845;44570783
P36883010401;P3688301;P3688301;P36883;36544418
P36883011401;P3688302;P3688302;P36883;36544418
P36883013401;P3688305;P3688305;P36883;36544418
P37276015401;P3727602;P3727602;P37276;50647016
P38453012401;P3845301;P3845301;P38453;52500543
P38527003101;P3852701;P3852701;P38527;37971832
P38527003102;P3852701;P3852701;P38527;37971832
P38527019101;P3852701;P3852701;P38527;37971832
P38527025101;P3852701;P3852701;P38527;37971832
P38527060101;P3852701;P3852701;P38527;37971832
P38527205101;P3852701;P3852701;P38527;37971832
P38561010101;P3856101;P3856101;P38561;00165336
P38561010102;P3856101;P3856101;P38561;00165336
P38561010103;P3856101;P3856101;P38561;00165336
P38561010104;P3856101;P3856101;P38561;00165336
P38561010177;;P38561xx;P38561;00165336
P38561019101;P3856101;P3856101;P38561;00165336
P38561019103;P3856101;P3856101;P38561;00165336
P38561019104;P3856101;P3856101;P38561;00165336
P38561019105;P3856101;P3856101;P38561;00165336
P38561019106;P3856101;P3856101;P38561;00165336
P38561025101;P3856101;P3856101;P38561;00165336
P38561031101;P3856101;P3856101;P38561;00165336
P38561031102;P3856101;P3856101;P38561;00165336
P38561043101;P3856101;P3856101;P38561;00165336
P38561048401;P3856101;P3856101;P38561;00165336
P38561229101;P3856101;P3856101;P38561;00165336
P38561319101;P3856101;P3856101;P38561;00165336
P38561319102;P3856101;P3856101;P38561;00165336
P38561319103;P3856101;P3856101;P38561;00165336
P38561319104;P3856101;P3856101;P38561;00165336
P38561601101;P3856101;P3856101;P38561;00165336
P38561601104;;P38561xx;P38561;00165336
P38573048401;P3857301;P3857301;P38573;36868302
P38629001101;P3862901;P3862901;P38629;50433946
P38629009401;P3862903;P3862903;P38629;50433946
P38629010101;P3862901;P3862901;P38629;50433946
P38629010177;;P38629xx;P38629;50433946
P38629010401;P3862901;P3862901;P38629;50433946
P38629011401;P3862901;P3862901;P38629;50433946
P38629013401;P3862904;P3862904;P38629;50433946
P38629027101;P3862901;P3862901;P38629;50433946
P38629196101;P3862901;P3862901;P38629;50433946
P38629205101;P3862901;P3862901;P38629;50433946
P38811001101;P3881101;P3881101;P38811;00365327
P38811001102;P3881101;P3881101;P38811;00365327
P38811002101;P3881101;P3881101;P38811;00365327
P38811003101;P3881101;P3881101;P38811;00365327
P38811004101;P3881101;P3881101;P38811;00365327
P38811005101;P3881101;P3881101;P38811;00365327
P38811007101;P3881101;P3881101;P38811;00365327
P38811009101;P3881101;P3881101;P38811;00365327
P38811009177;;P38811xx;P38811;00365327
P38811009401;P3881101;P3881101;P38811;00365327
P38811010101;P3881101;P3881101;P38811;00365327
P38811010401;P3881101;P3881101;P38811;00365327
P38811011101;P3881101;P3881101;P38811;00365327
P38811011401;P3881101;P3881101;P38811;00365327
P38811012101;P3881101;P3881101;P38811;00365327
P38811012177;;P38811xx;P38811;00365327
P38811012401;P3881101;P3881101;P38811;00365327
P38811013101;P3881101;P3881101;P38811;00365327
P38811013401;P3881101;P3881101;P38811;00365327
P38811014101;P3881101;P3881101;P38811;00365327
P38811014401;P3881101;P3881101;P38811;00365327
P38811015101;P3881101;P3881101;P38811;00365327
P38811015177;;P38811xx;P38811;00365327
P38811015401;P3881101;P3881101;P38811;00365327
P38811018101;P3881101;P3881101;P38811;00365327
P38811019101;P3881101;P3881101;P38811;00365327
P38811019102;P3881101;P3881101;P38811;00365327
P38811019103;P3881101;P3881101;P38811;00365327
P38811025101;P3881101;P3881101;P38811;00365327
P38811027101;P3881101;P3881101;P38811;00365327
P38811031101;P3881101;P3881101;P38811;00365327
P38811037101;P3881101;P3881101;P38811;00365327
P38811038101;P3881101;P3881101;P38811;00365327
P38811038177;;P38811xx;P38811;00365327
P38811038401;P3881101;P3881101;P38811;00365327
P38811047101;P3881101;P3881101;P38811;00365327
P38811048101;P3881101;P3881101;P38811;00365327
P38811048177;;P38811xx;P38811;00365327
P38811048401;P3881101;P3881101;P38811;00365327
P38811049101;P3881101;P3881101;P38811;00365327
P38811051101;P3881101;P3881101;P38811;00365327
P38811068101;P3881101;P3881101;P38811;00365327
P38811070101;P3881101;P3881101;P38811;00365327
P38811070177;;P38811xx;P38811;00365327
P38811070401;P3881101;P3881101;P38811;00365327
P38811106101;P3881101;P3881101;P38811;00365327
P38811107101;P3881101;P3881101;P38811;00365327
P38811107401;P3881101;P3881101;P38811;00365327
P38811196101;P3881101;P3881101;P38811;00365327
P38811196102;P3881101;P3881101;P38811;00365327
P38811200101;P3881101;P3881101;P38811;00365327
P38811201101;P3881101;P3881101;P38811;00365327
P38811202101;P3881101;P3881101;P38811;00365327
P38811207101;P3881101;P3881101;P38811;00365327
P38811278101;P3881101;P3881101;P38811;00365327
P38811306101;P3881101;P3881101;P38811;00365327
P38811323101;P3881101;P3881101;P38811;00365327
P38811332101;P3881101;P3881101;P38811;00365327
P38811602101;P3881101;P3881101;P38811;00365327
P38811613101;P3881101;P3881101;P38811;00365327
P38811637101;P3881101;P3881101;P38811;00365327
P38811668101;P3881101;P3881101;P38811;00365327
P38811706101;P3881101;P3881101;P38811;00365327
P38811707101;P3881101;P3881101;P38811;00365327
P38811708101;P3881101;P3881101;P38811;00365327
P38811802401;P3881101;P3881101;P38811;00365327
P40455011401;P4045503;P4045503;P40455;35779896
P40707001101;P4070704;P4070704;P40707;31813861
P40707001103;P4070701;P4070701;P40707;31813861
P40707001104;P4070703;P4070703;P40707;31813861
P40707001105;P4070702;P4070702;P40707;31813861
P40707001106;P4070702;P4070702;P40707;31813861
P40707002101;P4070702;P4070702;P40707;31813861
P40707003101;P4070701;P4070701;P40707;31813861
P40707003102;P4070701;P4070701;P40707;31813861
P40707003103;P4070701;P4070701;P40707;31813861
P40707003104;P4070701;P4070701;P40707;31813861
P40707004101;P4070704;P4070704;P40707;31813861
P40707004102;P4070701;P4070701;P40707;31813861
P40707004103;P4070702;P4070702;P40707;31813861
P40707004104;P4070703;P4070703;P40707;31813861
P40707005101;P4070704;P4070704;P40707;31813861
P40707005102;P4070701;P4070701;P40707;31813861
P40707005103;P4070703;P4070703;P40707;31813861
P40707007101;P4070703;P4070703;P40707;31813861
P40707009101;P4070701;P4070701;P40707;31813861
P40707009102;P4070703;P4070703;P40707;31813861
P40707009104;P4070702;P4070702;P40707;31813861
P40707009401;P4070703;P4070703;P40707;31813861
P40707009402;P4070701;P4070701;P40707;31813861
P40707009403;P4070702;P4070702;P40707;31813861
P40707010101;P4070704;P4070704;P40707;31813861
P40707010102;P4070701;P4070701;P40707;31813861
P40707010103;P4070703;P4070703;P40707;31813861
P40707010104;P4070702;P4070702;P40707;31813861
P40707010401;P4070701;P4070701;P40707;31813861
P40707010402;P4070702;P4070702;P40707;31813861
P40707010403;P4070703;P4070703;P40707;31813861
P40707010404;P4070704;P4070704;P40707;31813861
P40707011101;P4070701;P4070701;P40707;31813861
P40707011102;P4070703;P4070703;P40707;31813861
P40707011401;P4070701;P4070701;P40707;31813861
P40707011402;P4070703;P4070703;P40707;31813861
P40707012101;P4070701;P4070701;P40707;31813861
P40707012102;P4070703;P4070703;P40707;31813861
P40707012103;P4070702;P4070702;P40707;31813861
P40707012401;P4070701;P4070701;P40707;31813861
P40707012402;P4070702;P4070702;P40707;31813861
P40707012403;P4070703;P4070703;P40707;31813861
P40707013101;P4070703;P4070703;P40707;31813861
P40707013102;P4070702;P4070702;P40707;31813861
P40707013401;P4070702;P4070702;P40707;31813861
P40707014101;P4070701;P4070701;P40707;31813861
P40707014102;P4070703;P4070703;P40707;31813861
P40707014401;P4070701;P4070701;P40707;31813861
P40707014402;P4070703;P4070703;P40707;31813861
P40707015101;P4070701;P4070701;P40707;31813861
P40707015103;P4070703;P4070703;P40707;31813861
P40707015401;P4070703;P4070703;P40707;31813861
P40707015402;P4070701;P4070701;P40707;31813861
P40707018101;P4070704;P4070704;P40707;31813861
P40707019101;P4070701;P4070701;P40707;31813861
P40707025101;P4070701;P4070701;P40707;31813861
P40707025102;P4070701;P4070701;P40707;31813861
P40707025104;P4070703;P4070703;P40707;31813861
P40707025105;P4070702;P4070702;P40707;31813861
P40707027101;P4070701;P4070701;P40707;31813861
P40707027102;P4070703;P4070703;P40707;31813861
P40707031101;P4070703;P4070703;P40707;31813861
P40707037101;P4070702;P4070702;P40707;31813861
P40707037102;P4070701;P4070701;P40707;31813861
P40707038101;P4070701;P4070701;P40707;31813861
P40707038102;P4070701;P4070701;P40707;31813861
P40707038401;P4070701;P4070701;P40707;31813861
P40707044101;P4070703;P4070703;P40707;31813861
P40707048101;P4070703;P4070703;P40707;31813861
P40707048401;P4070701;P4070701;P40707;31813861
P40707048403;P4070703;P4070703;P40707;31813861
P40707050101;P4070704;P4070704;P40707;31813861
P40707051101;P4070701;P4070701;P40707;31813861
P40707051102;P4070703;P4070703;P40707;31813861
P40707051103;P4070703;P4070703;P40707;31813861
P40707051104;P4070702;P4070702;P40707;31813861
P40707060101;P4070702;P4070702;P40707;31813861
P40707060102;P4070705;P4070705;P40707;31813861
P40707068101;P4070703;P4070703;P40707;31813861
P40707068401;P4070703;P4070703;P40707;31813861
P40707070101;P4070701;P4070701;P40707;31813861
P40707098101;P4070705;P4070705;P40707;31813861
P40707106101;P4070701;P4070701;P40707;31813861
P40707191101;P4070701;P4070701;P40707;31813861
P40707192101;P4070705;P4070705;P40707;31813861
P40707196106;P4070703;P4070703;P40707;31813861
P40707201103;P4070703;P4070703;P40707;31813861
P40707202103;P4070703;P4070703;P40707;31813861
P40707203101;P4070702;P4070702;P40707;31813861
P40707203102;P4070703;P4070703;P40707;31813861
P40707203105;P4070701;P4070701;P40707;31813861
P40707205101;P4070701;P4070701;P40707;31813861
P40707205102;P4070703;P4070703;P40707;31813861
P40707205103;P4070702;P4070702;P40707;31813861
P40707205105;P4070705;P4070705;P40707;31813861
P40707206101;P4070701;P4070701;P40707;31813861
P40707278301;P4070704;P4070704;P40707;31813861
P40707306101;P4070702;P4070702;P40707;31813861
P40707331101;P4070702;P4070702;P40707;31813861
P40707599101;P4070701;P4070701;P40707;31813861
P40707613102;P4070703;P4070703;P40707;31813861
P41507014401;P4150703;P4150703;P41507;36255947
P41711010401;P4171104;P4171104;P41711;36642835
P42383001101;P4238301;P4238301;P42383;00610470
P42383002101;P4238301;P4238301;P42383;00610470
P42383003101;P4238301;P4238301;P42383;00610470
P42383004101;P4238301;P4238301;P42383;00610470
P42383005101;P4238301;P4238301;P42383;00610470
P42383007101;P4238301;P4238301;P42383;00610470
P42383009101;P4238301;P4238301;P42383;00610470
P42383009401;P4238301;P4238301;P42383;00610470
P42383010101;P4238301;P4238301;P42383;00610470
P42383010102;P4238301;P4238301;P42383;00610470
P42383010401;P4238301;P4238301;P42383;00610470
P42383011101;P4238301;P4238301;P42383;00610470
P42383011401;P4238301;P4238301;P42383;00610470
P42383012101;P4238301;P4238301;P42383;00610470
P42383012401;P4238301;P4238301;P42383;00610470
P42383013101;P4238301;P4238301;P42383;00610470
P42383013401;P4238301;P4238301;P42383;00610470
P42383014101;P4238301;P4238301;P42383;00610470
P42383014401;P4238301;P4238301;P42383;00610470
P42383015101;P4238301;P4238301;P42383;00610470
P42383015401;P4238301;P4238301;P42383;00610470
P42383019101;P4238301;P4238301;P42383;00610470
P42383025101;P4238301;P4238301;P42383;00610470
P42383027101;P4238301;P4238301;P42383;00610470
P42383051101;P4238301;P4238301;P42383;00610470
P42383060101;P4238301;P4238301;P42383;00610470
P42383196101;P4238301;P4238301;P42383;00610470
P42383201101;P4238301;P4238301;P42383;00610470
P42383202101;P4238301;P4238301;P42383;00610470
P42383203101;P4238301;P4238301;P42383;00610470
P42383613101;P4238301;P4238301;P42383;00610470
P42383707101;P4238301;P4238301;P42383;00610470
P43059007101;P4305901;P4305901;P43059;00607231
P43059011101;P4305901;P4305901;P43059;00607231
P43059011401;P4305901;P4305901;P43059;00607231
P43059014401;P4305901;P4305901;P43059;00607231
P43059037101;P4305901;P4305901;P43059;00607231
P43059050101;P4305901;P4305901;P43059;00607231
P43059051101;P4305901;P4305901;P43059;00607231
P43059104101;P4305901;P4305901;P43059;00607231
P43059105101;P4305901;P4305901;P43059;00607231
P43059105102;P4305901;P4305901;P43059;00607231
P43059105103;;P43059xx;P43059;00607231
P43059107101;P4305901;P4305901;P43059;00607231
P43059107177;;P43059xx;P43059;00607231
P43059107401;P4305901;P4305901;P43059;00607231
P43059109101;P4305901;P4305901;P43059;00607231
P43059109401;P4305901;P4305901;P43059;00607231
P43059114101;P4305901;P4305901;P43059;00607231
P43059114177;;P43059xx;P43059;00607231
P43059116101;P4305901;P4305901;P43059;00607231
P43059156101;P4305905;P4305905;P43059;00607231
P43059156102;P4305905;P4305905;P43059;00607231
P43059207101;P4305901;P4305901;P43059;00607231
P43059323101;P4305901;P4305901;P43059;00607231
P43059329101;P4305901;P4305901;P43059;00607231
P43059336101;P4305901;P4305901;P43059;00607231
P43059336177;;P43059xx;P43059;00607231
P43059336401;P4305901;P4305901;P43059;00607231
P43281027101;P4328101;P4328101;P43281;35840595
P43979001101;P4397901;P4397901;P43979;36168165
P43979004101;P4397901;P4397901;P43979;36168165
P43979009101;P4397901;P4397901;P43979;36168165
P43979009177;;P43979xx;P43979;36168165
P43979009401;P4397901;P4397901;P43979;36168165
P43979010101;P4397901;P4397901;P43979;36168165
P43979010177;;P43979xx;P43979;36168165
P43979010401;P4397901;P4397901;P43979;36168165
P43979011101;P4397901;P4397901;P43979;36168165
P43979011177;;P43979xx;P43979;36168165
P43979011401;P4397901;P4397901;P43979;36168165
P43979012401;P4397901;P4397901;P43979;36168165
P43979014101;P4397901;P4397901;P43979;36168165
P43979014177;;P43979xx;P43979;36168165
P43979014401;P4397901;P4397901;P43979;36168165
P43979015101;P4397901;P4397901;P43979;36168165
P43979015177;;P43979xx;P43979;36168165
P43979015401;P4397901;P4397901;P43979;36168165
P43979025101;P4397901;P4397901;P43979;36168165
P43979027101;P4397901;P4397901;P43979;36168165
P43979038101;P4397901;P4397901;P43979;36168165
P43979038177;;P43979xx;P43979;36168165
P43979038401;P4397901;P4397901;P43979;36168165
P43979051101;P4397901;P4397901;P43979;36168165
P43979191101;P4397901;P4397901;P43979;36168165
P43979196101;P4397901;P4397901;P43979;36168165
P43979201101;P4397901;P4397901;P43979;36168165
P43979202101;P4397901;P4397901;P43979;36168165
P43979205101;P4397901;P4397901;P43979;36168165
P43979319101;P4397901;P4397901;P43979;36168165
P43979609101;P4397901;P4397901;P43979;36168165
P43979691101;P4397901;P4397901;P43979;36168165
P43979707101;P4397901;P4397901;P43979;36168165
P44890010402;P4489003;P4489003;P44890;36347027
P44890011402;P4489003;P4489003;P44890;36347027
P45055048401;P4505501;P4505501;P45055;35911808
P45507001101;P4550701;P4550701;P45507;36582433
P45507004101;P4550701;P4550701;P45507;36582433
P45507010101;P4550701;P4550701;P45507;36582433
P45507010177;;P45507xx;P45507;36582433
P45507010401;P4550701;P4550701;P45507;36582433
P45507011101;P4550701;P4550701;P45507;36582433
P45507011177;;P45507xx;P45507;36582433
P45507011401;P4550701;P4550701;P45507;36582433
P45507012401;P4550701;P4550701;P45507;36582433
P45507014401;P4550701;P4550701;P45507;36582433
P45507025101;P4550701;P4550701;P45507;36582433
P45507027101;P4550701;P4550701;P45507;36582433
P45821010401;P4582101;P4582101;P45821;36179451
P45983015401;P4598302;P4598302;P45983;36553891
P46405001101;P4640501;P4640501;P46405;00634891
P46405005101;P4640501;P4640501;P46405;00634891
P46405007101;P4640501;P4640501;P46405;00634891
P46405009101;P4640501;P4640501;P46405;00634891
P46405009401;P4640501;P4640501;P46405;00634891
P46405010101;P4640501;P4640501;P46405;00634891
P46405010401;P4640501;P4640501;P46405;00634891
P46405014401;P4640501;P4640501;P46405;00634891
P46405025101;P4640501;P4640501;P46405;00634891
P46405051101;P4640501;P4640501;P46405;00634891
P46405073101;P4640501;P4640501;P46405;00634891
P46405196101;P4640501;P4640501;P46405;00634891
P46405199101;P4640501;P4640501;P46405;00634891
P46405202101;P4640501;P4640501;P46405;00634891
P46405205101;P4640501;P4640501;P46405;00634891
P46405334101;P4640501;P4640501;P46405;00634891
P46405609101;P4640501;P4640501;P46405;00634891
P46743010401;P4674302;P4674302;P46743;36214914
P46743013401;P4674304;P4674304;P46743;36214914
P46743038401;P4674306;P4674306;P46743;36214914
P46801015401;P4680101;P4680101;P46801;36213012
P47771048402;P4777101;P4777101;P47771;35915323
P48071045101;P4807101;P4807101;P48071;00165271
P48071045102;P4807101;P4807101;P48071;00165271
P48979620101;P4897901;P4897901;P48979;42053005
P50084014401;P5008402;P5008402;P50084;43962840
P50247015401;P5024701;P5024701;P50247;44970951
P50247015402;P5024702;P5024702;P50247;44970951
P50263009401;P5026301;P5026301;P50263;36250546
P50769001101;P5076901;P5076901;P50769;31386563
P50769010101;P5076901;P5076901;P50769;31386563
P50769010401;P5076901;P5076901;P50769;31386563
P50769019101;P5076901;P5076901;P50769;31386563
P50769025101;P5076901;P5076901;P50769;31386563
P50769193101;P5076916;P5076916;P50769;31386563
P50769205101;P5076901;P5076901;P50769;31386563
P50769334101;P5076901;P5076901;P50769;31386563
P50769620101;P5076915;P5076915;P50769;31386563
P50945001101;P5094501;P5094501;P50945;00610411
P50945004101;P5094501;P5094501;P50945;00610411
P50945005101;P5094501;P5094501;P50945;00610411
P50945007101;P5094501;P5094501;P50945;00610411
P50945009101;P5094501;P5094501;P50945;00610411
P50945009401;P5094501;P5094501;P50945;00610411
P50945010101;P5094501;P5094501;P50945;00610411
P50945010177;;P50945xx;P50945;00610411
P50945010401;P5094501;P5094501;P50945;00610411
P50945011101;P5094501;P5094501;P50945;00610411
P50945011401;P5094501;P5094501;P50945;00610411
P50945014401;P5094501;P5094501;P50945;00610411
P50945015401;P5094501;P5094501;P50945;00610411
P50945018101;P5094501;P5094501;P50945;00610411
P50945025101;P5094501;P5094501;P50945;00610411
P50945051101;P5094501;P5094501;P50945;00610411
P50945196101;P5094501;P5094501;P50945;00610411
P50945201101;P5094501;P5094501;P50945;00610411
P50945202101;P5094501;P5094501;P50945;00610411
P50945203101;P5094501;P5094501;P50945;00610411
P50945205101;P5094501;P5094501;P50945;00610411
P50945334101;P5094501;P5094501;P50945;00610411
P51024013401;P5102401;P5102401;P51024;52943810
P51091048401;P5109101;P5109101;P51091;36278301
P51102001101;P5110201;P5110201;P51102;44455356
P51102004101;P5110201;P5110201;P51102;44455356
P51102007101;P5110201;P5110201;P51102;44455356
P51102009101;P5110201;P5110201;P51102;44455356
P51102009177;;P51102xx;P51102;44455356
P51102009401;P5110201;P5110201;P51102;44455356
P51102010101;P5110201;P5110201;P51102;44455356
P51102010177;;P51102xx;P51102;44455356
P51102010401;P5110201;P5110201;P51102;44455356
P51102011101;P5110201;P5110201;P51102;44455356
P51102011177;;P51102xx;P51102;44455356
P51102011401;P5110201;P5110201;P51102;44455356
P51102013101;P5110201;P5110201;P51102;44455356
P51102013177;;P51102xx;P51102;44455356
P51102013401;P5110201;P5110201;P51102;44455356
P51102014401;P5110201;P5110201;P51102;44455356
P51102025101;P5110201;P5110201;P51102;44455356
P51102027101;P5110201;P5110201;P51102;44455356
P51102048401;P5110201;P5110201;P51102;44455356
P51102051101;P5110201;P5110201;P51102;44455356
P51102196101;P5110201;P5110201;P51102;44455356
P51102201101;P5110201;P5110201;P51102;44455356
P51102202101;P5110201;P5110201;P51102;44455356
P51276048401;P5127601;P5127601;P51276;43782426
P51276048402;P5127603;P5127603;P51276;43782426
P51283001101;P5128301;P5128301;P51283;00634905
P51283004101;P5128301;P5128301;P51283;00634905
P51283007101;P5128301;P5128301;P51283;00634905
P51283009101;P5128301;P5128301;P51283;00634905
P51283010101;P5128301;P5128301;P51283;00634905
P51283011101;P5128301;P5128301;P51283;00634905
P51283025101;P5128301;P5128301;P51283;00634905
P51283051101;P5128301;P5128301;P51283;00634905
P51283196101;P5128301;P5128301;P51283;00634905
P51283199101;P5128301;P5128301;P51283;00634905
P51283201101;P5128301;P5128301;P51283;00634905
P51283202101;P5128301;P5128301;P51283;00634905
P51283205101;P5128301;P5128301;P51283;00634905
P51283625101;P5128301;P5128301;P51283;00634905
P51373001101;P5137301;P5137301;P51373;17335795
P51373003101;P5137301;P5137301;P51373;17335795
P51373004101;P5137301;P5137301;P51373;17335795
P51373005101;P5137301;P5137301;P51373;17335795
P51373007101;P5137301;P5137301;P51373;17335795
P51373009101;P5137301;P5137301;P51373;17335795
P51373009177;;P51373xx;P51373;17335795
P51373009401;P5137301;P5137301;P51373;17335795
P51373010101;P5137301;P5137301;P51373;17335795
P51373010177;;P51373xx;P51373;17335795
P51373010401;P5137301;P5137301;P51373;17335795
P51373011101;P5137301;P5137301;P51373;17335795
P51373011177;;P51373xx;P51373;17335795
P51373011401;P5137301;P5137301;P51373;17335795
P51373012101;P5137301;P5137301;P51373;17335795
P51373012177;;P51373xx;P51373;17335795
P51373012401;P5137301;P5137301;P51373;17335795
P51373013101;P5137301;P5137301;P51373;17335795
P51373013177;;P51373xx;P51373;17335795
P51373013401;P5137301;P5137301;P51373;17335795
P51373014101;P5137301;P5137301;P51373;17335795
P51373014177;;P51373xx;P51373;17335795
P51373014401;P5137301;P5137301;P51373;17335795
P51373015101;P5137301;P5137301;P51373;17335795
P51373015177;;P51373xx;P51373;17335795
P51373015401;P5137301;P5137301;P51373;17335795
P51373018101;P5137301;P5137301;P51373;17335795
P51373025101;P5137301;P5137301;P51373;17335795
P51373051101;P5137301;P5137301;P51373;17335795
P51373060101;P5137301;P5137301;P51373;17335795
P51373196101;P5137301;P5137301;P51373;17335795
P51373199101;P5137301;P5137301;P51373;17335795
P51373201101;P5137301;P5137301;P51373;17335795
P51373202101;P5137301;P5137301;P51373;17335795
P51373205101;P5137301;P5137301;P51373;17335795
P51373613101;P5137301;P5137301;P51373;17335795
P51435205101;P5143501;P5143501;P51435;37886428
P51988048401;P5198803;P5198803;P51988;51452235
P53314015401;P5331401;P5331401;P53314;46579010
P56080010401;P5608010;P5608010;P56080;36276979
P56080012401;P5608013;P5608013;P56080;36276979
P56080014401;P5608003;P5608003;P56080;36276979
P56346009101;P5634601;P5634601;P56346;36713422
P56346009177;;P56346xx;P56346;36713422
P56346009402;P5634601;P5634601;P56346;36713422
P56346051101;P5634601;P5634601;P56346;36713422
P56642005101;P5664201;P5664201;P56642;30801397
P56642005102;P5664201;P5664201;P56642;30801397
P56642005103;P5664201;P5664201;P56642;30801397
P56642073101;P5664201;P5664201;P56642;30801397
P56642074101;P5664201;P5664201;P56642;30801397
P56642223101;P5664201;P5664201;P56642;30801397
P57004038401;P5700403;P5700403;P57004;45659362
P58081620101;P5808102;P5808102;P58081;52312771
P58394009401;P5839401;P5839401;P58394;45867631
P59086048401;P5908601;P5908601;P59086;47187743
P59688001101;P5968801;P5968801;P59688;46458581
P59688004101;P5968801;P5968801;P59688;46458581
P59688007101;P5968801;P5968801;P59688;46458581
P59688009101;P5968801;P5968801;P59688;46458581
P59688009177;;P59688xx;P59688;46458581
P59688009401;P5968801;P5968801;P59688;46458581
P59688010101;P5968801;P5968801;P59688;46458581
P59688010177;;P59688xx;P59688;46458581
P59688010401;P5968801;P5968801;P59688;46458581
P59688011101;P5968801;P5968801;P59688;46458581
P59688011177;;P59688xx;P59688;46458581
P59688011401;P5968801;P5968801;P59688;46458581
P59688012401;P5968801;P5968801;P59688;46458581
P59688013101;P5968801;P5968801;P59688;46458581
P59688013177;;P59688xx;P59688;46458581
P59688013401;P5968801;P5968801;P59688;46458581
P59688025101;P5968801;P5968801;P59688;46458581
P59688051101;P5968801;P5968801;P59688;46458581
P59688196101;P5968801;P5968801;P59688;46458581
P59688202101;P5968801;P5968801;P59688;46458581
P59688613101;P5968801;P5968801;P59688;46458581
P59790009401;P5979001;P5979001;P59790;35946792
P59790010401;P5979001;P5979001;P59790;35946792
P59790012401;P5979001;P5979001;P59790;35946792
P59790014401;P5979001;P5979001;P59790;35946792
P59790015401;P5979001;P5979001;P59790;35946792
P60071048401;P6007101;P6007101;P60071;36755672
P61144009401;P6114402;P6114402;P61144;36547786
P61144010401;P6114402;P6114402;P61144;36547786
P61144011401;P6114401;P6114401;P61144;36547786
P61144012401;P6114402;P6114402;P61144;36547786
P61144014401;P6114402;P6114402;P61144;36547786
P61144015401;P6114404;P6114404;P61144;36547786
P61433011401;P6143301;P6143301;P61433;47255579
P62331009101;P6233101;P6233101;P62331;36055271
P62331009401;P6233101;P6233101;P62331;36055271
P62331010401;P6233101;P6233101;P62331;36055271
P62331011401;P6233101;P6233101;P62331;36055271
P62331013401;P6233101;P6233101;P62331;36055271
P62331038401;P6233101;P6233101;P62331;36055271
P62568011401;P6256802;P6256802;P62568;36275999
P63243013401;P6324301;P6324301;P63243;36810533
P63243014401;P6324301;P6324301;P63243;36810533
P63360048401;P6336001;P6336001;P63360;36680478
P63467073102;P6346701;P6346701;P63467;35718706
P63800001101;P6380001;P6380001;P63800;45736316
P63800004101;P6380001;P6380001;P63800;45736316
P63800007101;P6380001;P6380001;P63800;45736316
P63800009101;P6380001;P6380001;P63800;45736316
P63800009177;;P63800xx;P63800;45736316
P63800009401;P6380001;P6380001;P63800;45736316
P63800010101;P6380001;P6380001;P63800;45736316
P63800010177;;P63800xx;P63800;45736316
P63800010401;P6380001;P6380001;P63800;45736316
P63800012401;P6380001;P6380001;P63800;45736316
P63800013401;P6380001;P6380001;P63800;45736316
P63800014401;P6380001;P6380001;P63800;45736316
P63800025101;P6380001;P6380001;P63800;45736316
P63800051101;P6380001;P6380001;P63800;45736316
P63800196101;P6380001;P6380001;P63800;45736316
P63800201101;P6380001;P6380001;P63800;45736316
P63800202101;P6380001;P6380001;P63800;45736316
P63800205101;P6380001;P6380001;P63800;45736316
P64658010101;P6465801;P6465801;P64658;45964173
P64658010177;;P64658xx;P64658;45964173
P64658010401;P6465801;P6465801;P64658;45964173
P64658038101;P6465801;P6465801;P64658;45964173
P64658038401;P6465801;P6465801;P64658;45964173
P64658319101;P6465801;P6465801;P64658;45964173
P65376010403;P6537601;P6537601;P65376;45259011
P65639001101;P6563901;P6563901;P65639;36348015
P65639010401;P6563901;P6563901;P65639;36348015
P65639011401;P6563901;P6563901;P65639;36348015
P65639012401;P6563901;P6563901;P65639;36348015
P65639027101;P6563901;P6563901;P65639;36348015
P65639068401;P6563901;P6563901;P65639;36348015
P65639205101;P6563901;P6563901;P65639;36348015
P66051001101;P6605101;P6605101;P66051;17336163
P66051004101;P6605101;P6605101;P66051;17336163
P66051005101;P6605101;P6605101;P66051;17336163
P66051007101;P6605101;P6605101;P66051;17336163
P66051009101;P6605101;P6605101;P66051;17336163
P66051010101;P6605101;P6605101;P66051;17336163
P66051011401;P6605101;P6605101;P66051;17336163
P66051013101;P6605101;P6605101;P66051;17336163
P66051014401;P6605101;P6605101;P66051;17336163
P66051015401;P6605101;P6605101;P66051;17336163
P66051025101;P6605101;P6605101;P66051;17336163
P66051051101;P6605101;P6605101;P66051;17336163
P66051196101;P6605101;P6605101;P66051;17336163
P66051199101;P6605101;P6605101;P66051;17336163
P66051201101;P6605101;P6605101;P66051;17336163
P66051202101;P6605101;P6605101;P66051;17336163
P66051205101;P6605101;P6605101;P66051;17336163
P66051609101;P6605101;P6605101;P66051;17336163
P66163015402;P6616303;P6616303;P66163;36662496
P66599001101;P6659901;P6659901;P66599;44927380
P66599002101;P6659901;P6659901;P66599;44927380
P66599003101;P6659901;P6659901;P66599;44927380
P66599004101;P6659901;P6659901;P66599;44927380
P66599007101;P6659901;P6659901;P66599;44927380
P66599009101;P6659901;P6659901;P66599;44927380
P66599009177;;P66599xx;P66599;44927380
P66599009401;P6659901;P6659901;P66599;44927380
P66599010101;P6659901;P6659901;P66599;44927380
P66599010177;;P66599xx;P66599;44927380
P66599010401;P6659901;P6659901;P66599;44927380
P66599011101;P6659901;P6659901;P66599;44927380
P66599011177;;P66599xx;P66599;44927380
P66599011401;P6659901;P6659901;P66599;44927380
P66599012101;P6659901;P6659901;P66599;44927380
P66599012177;;P66599xx;P66599;44927380
P66599012401;P6659901;P6659901;P66599;44927380
P66599013101;P6659901;P6659901;P66599;44927380
P66599013401;P6659901;P6659901;P66599;44927380
P66599015401;P6659901;P6659901;P66599;44927380
P66599019101;P6659901;P6659901;P66599;44927380
P66599025101;P6659901;P6659901;P66599;44927380
P66599037101;P6659901;P6659901;P66599;44927380
P66599051101;P6659901;P6659901;P66599;44927380
P66599060101;P6659901;P6659901;P66599;44927380
P66599196101;P6659901;P6659901;P66599;44927380
P66599201101;P6659901;P6659901;P66599;44927380
P66599202101;P6659901;P6659901;P66599;44927380
P66599205101;P6659901;P6659901;P66599;44927380
P66599229101;P6659901;P6659901;P66599;44927380
P66657010401;P6665701;P6665701;P66657;44653174
P66657011401;P6665701;P6665701;P66657;44653174
P66657012401;P6665701;P6665701;P66657;44653174
P66933012401;P6693304;P6693304;P66933;36344125
P66949009401;P6694904;P6694904;P66949;36347272
P67192027101;P6719209;P6719209;P67192;51901366
P67192205101;P6719201;P6719201;P67192;51901366
P67192205102;P6719206;P6719206;P67192;51901366
P67227009401;P6722701;P6722701;P67227;44829931
P67497009401;P6749703;P6749703;P67497;34145974
P67828004101;P6782801;P6782801;P67828;44184425
P67828025101;P6782801;P6782801;P67828;44184425
P67828095101;P6782801;P6782801;P67828;44184425
P67828205101;P6782801;P6782801;P67828;44184425
P68335004101;P6833501;P6833501;P68335;51012138
P68335010101;P6833501;P6833501;P68335;51012138
P68335010401;P6833501;P6833501;P68335;51012138
P68335025101;P6833501;P6833501;P68335;51012138
P68335037101;P6833501;P6833501;P68335;51012138
P68335056101;P6833501;P6833501;P68335;51012138
P68335278101;P6833501;P6833501;P68335;51012138
P68335637101;P6833501;P6833501;P68335;51012138
P69849048401;P6984902;P6984902;P69849;36688606
P70145009401;P7014502;P7014502;P70145;36524093
P70145010401;P7014502;P7014502;P70145;36524093
P70145011401;P7014502;P7014502;P70145;36524093
P70145013401;P7014502;P7014502;P70145;36524093
P70145014401;P7014502;P7014502;P70145;36524093
P70145015401;P7014502;P7014502;P70145;36524093
P70145038401;P7014502;P7014502;P70145;36524093
P70249025101;P7024901;P7024901;P70249;35971126
P70249049101;P7024901;P7024901;P70249;35971126
P70249049102;P7024901;P7024901;P70249;35971126
P70249049103;P7024901;P7024901;P70249;35971126
P70249056101;P7024901;P7024901;P70249;35971126
P70249068101;P7024901;P7024901;P70249;35971126
P70249069101;P7024901;P7024901;P70249;35971126
P70249069102;P7024904;P7024904;P70249;35971126
P70249155101;P7024904;P7024904;P70249;35971126
P70249197101;P7024904;P7024904;P70249;35971126
P70249207101;P7024901;P7024901;P70249;35971126
P70249278101;P7024901;P7024901;P70249;35971126
P70249278102;P7024901;P7024901;P70249;35971126
P70249278103;P7024904;P7024904;P70249;35971126
P70249323101;P7024904;P7024904;P70249;35971126
P70249626101;P7024904;P7024904;P70249;35971126
P71047048401;P7104703;P7104703;P71047;35957506
P71940011101;P7194001;P7194001;P71940;35873272
P71940011401;P7194001;P7194001;P71940;35873272
P72551107401;P7255102;P7255102;P72551;35838230
P73801107401;P7380103;P7380103;P73801;52391680
P74021009402;P7402101;P7402101;P74021;44828926
P74021010401;P7402101;P7402101;P74021;44828926
P74021012401;P7402101;P7402101;P74021;44828926
P74021013402;P7402101;P7402101;P74021;44828926
P74114009401;P7411401;P7411401;P74114;47242990
P74114009402;P7411404;P7411404;P74114;47242990
P74130015404;P7413005;P7413005;P74130;31389279
P75821048401;P7582101;P7582101;P75821;47816821
P75847015401;P7584702;P7584702;P75847;36587109
P75847015402;P7584703;P7584703;P75847;36587109
P75847015403;P7584707;P7584707;P75847;36587109
P76026015401;P7602601;P7602601;P76026;45321078
P76084010401;P7608402;P7608402;P76084;53186133
P76138015401;P7613802;P7613802;P76138;35787643
P76239001101;P7623901;P7623901;P76239;36594849
P76239004101;P7623901;P7623901;P76239;36594849
P76239005101;P7623901;P7623901;P76239;36594849
P76239007101;P7623901;P7623901;P76239;36594849
P76239010101;P7623901;P7623901;P76239;36594849
P76239010177;;P76239xx;P76239;36594849
P76239010401;P7623901;P7623901;P76239;36594849
P76239011401;P7623901;P7623901;P76239;36594849
P76239012101;P7623901;P7623901;P76239;36594849
P76239012177;;P76239xx;P76239;36594849
P76239012401;P7623901;P7623901;P76239;36594849
P76239013401;P7623901;P7623901;P76239;36594849
P76239025101;P7623901;P7623901;P76239;36594849
P76239095101;P7623901;P7623901;P76239;36594849
P76239196101;P7623901;P7623901;P76239;36594849
P76239201101;P7623901;P7623901;P76239;36594849
P76239202101;P7623901;P7623901;P76239;36594849
P76320011401;P7632001;P7632001;P76320;44353472
P76467005101;P7646701;P7646701;P76467;35581000
P76467005102;P7646701;P7646701;P76467;35581000
P76467105101;P7646701;P7646701;P76467;35581000
P76886011401;P7688601;P7688601;P76886;35840579
P76886012401;P7688601;P7688601;P76886;35840579
P76886038401;P7688601;P7688601;P76886;35840579
P76995009401;P7699501;P7699501;P76995;36603350
P76995014101;P7699501;P7699501;P76995;36603350
P76995014401;P7699501;P7699501;P76995;36603350
P76995019101;P7699501;P7699501;P76995;36603350
P76995025101;P7699501;P7699501;P76995;36603350
P76995043101;P7699501;P7699501;P76995;36603350
P76995229101;P7699501;P7699501;P76995;36603350
P77017001101;P7701701;P7701701;P77017;00606707
P77017001102;P7701701;P7701701;P77017;00606707
P77017001105;P7701701;P7701701;P77017;00606707
P77017002101;P7701701;P7701701;P77017;00606707
P77017003101;P7701701;P7701701;P77017;00606707
P77017004101;P7701701;P7701701;P77017;00606707
P77017004102;P7701701;P7701701;P77017;00606707
P77017005101;P7701701;P7701701;P77017;00606707
P77017005102;P7701701;P7701701;P77017;00606707
P77017006102;P7701701;P7701701;P77017;00606707
P77017009101;P7701701;P7701701;P77017;00606707
P77017009102;P7701701;P7701701;P77017;00606707
P77017009401;P7701701;P7701701;P77017;00606707
P77017009403;P7701701;P7701701;P77017;00606707
P77017010101;P7701701;P7701701;P77017;00606707
P77017010103;P7701701;P7701701;P77017;00606707
P77017010401;P7701701;P7701701;P77017;00606707
P77017010402;P7701701;P7701701;P77017;00606707
P77017011101;P7701701;P7701701;P77017;00606707
P77017011401;P7701701;P7701701;P77017;00606707
P77017011402;P7701701;P7701701;P77017;00606707
P77017012101;P7701701;P7701701;P77017;00606707
P77017012102;P7701701;P7701701;P77017;00606707
P77017012401;P7701701;P7701701;P77017;00606707
P77017012402;P7701701;P7701701;P77017;00606707
P77017013101;P7701701;P7701701;P77017;00606707
P77017013401;P7701701;P7701701;P77017;00606707
P77017014101;P7701701;P7701701;P77017;00606707
P77017014401;P7701701;P7701701;P77017;00606707
P77017015101;P7701701;P7701701;P77017;00606707
P77017015102;P7701701;P7701701;P77017;00606707
P77017015401;P7701701;P7701701;P77017;00606707
P77017015402;P7701701;P7701701;P77017;00606707
P77017018102;P7701701;P7701701;P77017;00606707
P77017025101;P7701701;P7701701;P77017;00606707
P77017025102;P7701701;P7701701;P77017;00606707
P77017027101;P7701701;P7701701;P77017;00606707
P77017027102;P7701701;P7701701;P77017;00606707
P77017031101;P7701701;P7701701;P77017;00606707
P77017037101;P7701701;P7701701;P77017;00606707
P77017038101;P7701701;P7701701;P77017;00606707
P77017038401;P7701701;P7701701;P77017;00606707
P77017048401;P7701701;P7701701;P77017;00606707
P77017051101;P7701701;P7701701;P77017;00606707
P77017051102;P7701701;P7701701;P77017;00606707
P77017070101;P7701701;P7701701;P77017;00606707
P77017070102;P7701701;P7701701;P77017;00606707
P77017070401;P7701701;P7701701;P77017;00606707
P77017070402;P7701701;P7701701;P77017;00606707
P77017106101;P7701701;P7701701;P77017;00606707
P77017196101;P7701701;P7701701;P77017;00606707
P77017196102;P7701701;P7701701;P77017;00606707
P77017201101;P7701701;P7701701;P77017;00606707
P77017202101;P7701701;P7701701;P77017;00606707
P77017202102;P7701701;P7701701;P77017;00606707
P77017207101;P7701701;P7701701;P77017;00606707
P77017222401;P7701701;P7701701;P77017;00606707
P77017278101;P7701701;P7701701;P77017;00606707
P77017278102;P7701701;P7701701;P77017;00606707
P77017613101;P7701701;P7701701;P77017;00606707
P77017631101;P7701701;P7701701;P77017;00606707
P77835011401;P7783501;P7783501;P77835;36368954
P77941001101;P7794101;P7794101;P77941;50828371
P77941004101;P7794101;P7794101;P77941;50828371
P77941007101;P7794101;P7794101;P77941;50828371
P77941009101;P7794101;P7794101;P77941;50828371
P77941009177;;P77941xx;P77941;50828371
P77941009401;P7794101;P7794101;P77941;50828371
P77941010101;P7794101;P7794101;P77941;50828371
P77941010177;;P77941xx;P77941;50828371
P77941010401;P7794101;P7794101;P77941;50828371
P77941011101;P7794101;P7794101;P77941;50828371
P77941011401;P7794101;P7794101;P77941;50828371
P77941013401;P7794101;P7794101;P77941;50828371
P77941014401;P7794101;P7794101;P77941;50828371
P77941019101;P7794101;P7794101;P77941;50828371
P77941025101;P7794101;P7794101;P77941;50828371
P77941027101;P7794101;P7794101;P77941;50828371
P77941051101;P7794101;P7794101;P77941;50828371
P77941060101;P7794101;P7794101;P77941;50828371
P77941196101;P7794101;P7794101;P77941;50828371
P77941201101;P7794101;P7794101;P77941;50828371
P77941202101;P7794101;P7794101;P77941;50828371
P77941205101;P7794101;P7794101;P77941;50828371
P78252027104;P7825205;P7825205;P78252;31642331
P78346009401;P7834601;P7834601;P78346;47015187
P79124012401;P7912402;P7912402;P79124;47335360
P79186001101;P7918601;P7918601;P79186;54588952
P79186004101;P7918601;P7918601;P79186;54588952
P79186007101;P7918601;P7918601;P79186;54588952
P79186009101;P7918601;P7918601;P79186;54588952
P79186009401;P7918601;P7918601;P79186;54588952
P79186010101;P7918601;P7918601;P79186;54588952
P79186010401;P7918601;P7918601;P79186;54588952
P79186011401;P7918601;P7918601;P79186;54588952
P79186025101;P7918601;P7918601;P79186;54588952
P79186051101;P7918601;P7918601;P79186;54588952
P79186193101;P7918608;P7918608;P79186;54588952
P79186196101;P7918601;P7918601;P79186;54588952
P79186202101;P7918601;P7918601;P79186;54588952
P79186205101;P7918604;P7918604;P79186;54588952
P79225009401;P7922501;P7922501;P79225;36343293
P79294009401;P7929411;P7929411;P79294;35838876
P79294010401;P7929411;P7929411;P79294;35838876
P79294012401;P7929411;P7929411;P79294;35838876
P79411620101;P7941101;P7941101;P79411;35602406
P79469001101;P7946901;P7946901;P79469;45594929
P79469004101;P7946901;P7946901;P79469;45594929
P79469007101;P7946901;P7946901;P79469;45594929
P79469009101;P7946901;P7946901;P79469;45594929
P79469009177;;P79469xx;P79469;45594929
P79469009401;P7946901;P7946901;P79469;45594929
P79469010101;P7946901;P7946901;P79469;45594929
P79469010177;;P79469xx;P79469;45594929
P79469010401;P7946901;P7946901;P79469;45594929
P79469011101;P7946901;P7946901;P79469;45594929
P79469011401;P7946901;P7946901;P79469;45594929
P79469013101;P7946901;P7946901;P79469;45594929
P79469013401;P7946901;P7946901;P79469;45594929
P79469025101;P7946901;P7946901;P79469;45594929
P79469051101;P7946901;P7946901;P79469;45594929
P79469193101;P7946907;P7946907;P79469;45594929
P79469196101;P7946901;P7946901;P79469;45594929
P79469201101;P7946901;P7946901;P79469;45594929
P79469202101;P7946901;P7946901;P79469;45594929
P79469205101;P7946902;P7946902;P79469;45594929
P79471015401;P7947101;P7947101;P79471;35930616
P79975073101;P7997501;P7997501;P79975;35563737
P80299193101;P8029903;P8029903;P80299;46533915
P80535010401;P8053501;P8053501;P80535;45857245
P80535011401;P8053502;P8053502;P80535;45857245
P80535013401;P8053505;P8053505;P80535;45857245
P80535015401;P8053504;P8053504;P80535;45857245
P80617015401;P8061702;P8061702;P80617;52542688
P80747001101;P8074701;P8074701;P80747;44452519
P80747004101;P8074701;P8074701;P80747;44452519
P80747005101;P8074701;P8074701;P80747;44452519
P80747007101;P8074701;P8074701;P80747;44452519
P80747009101;P8074701;P8074701;P80747;44452519
P80747009401;P8074701;P8074701;P80747;44452519
P80747010101;P8074701;P8074701;P80747;44452519
P80747010177;;P80747xx;P80747;44452519
P80747010401;P8074701;P8074701;P80747;44452519
P80747011101;P8074701;P8074701;P80747;44452519
P80747011177;;P80747xx;P80747;44452519
P80747011401;P8074701;P8074701;P80747;44452519
P80747012101;P8074701;P8074701;P80747;44452519
P80747012177;;P80747xx;P80747;44452519
P80747012401;P8074701;P8074701;P80747;44452519
P80747013101;P8074701;P8074701;P80747;44452519
P80747013401;P8074701;P8074701;P80747;44452519
P80747015401;P8074701;P8074701;P80747;44452519
P80747025101;P8074701;P8074701;P80747;44452519
P80747027101;P8074701;P8074701;P80747;44452519
P80747051101;P8074701;P8074701;P80747;44452519
P80747625101;P8074701;P8074701;P80747;44452519
P81095001101;P8109501;P8109501;P81095;17336112
P81095001102;P8109501;P8109501;P81095;17336112
P81095004101;P8109501;P8109501;P81095;17336112
P81095005101;P8109501;P8109501;P81095;17336112
P81095007101;P8109501;P8109501;P81095;17336112
P81095009101;P8109501;P8109501;P81095;17336112
P81095009401;P8109501;P8109501;P81095;17336112
P81095010101;P8109501;P8109501;P81095;17336112
P81095010401;P8109501;P8109501;P81095;17336112
P81095011101;P8109501;P8109501;P81095;17336112
P81095011401;P8109501;P8109501;P81095;17336112
P81095012101;P8109501;P8109501;P81095;17336112
P81095012401;P8109501;P8109501;P81095;17336112
P81095013101;P8109501;P8109501;P81095;17336112
P81095013401;P8109501;P8109501;P81095;17336112
P81095014101;P8109501;P8109501;P81095;17336112
P81095014401;P8109501;P8109501;P81095;17336112
P81095015401;P8109501;P8109501;P81095;17336112
P81095018101;P8109501;P8109501;P81095;17336112
P81095019101;P8109501;P8109501;P81095;17336112
P81095025101;P8109501;P8109501;P81095;17336112
P81095027101;P8109501;P8109501;P81095;17336112
P81095037101;P8109501;P8109501;P81095;17336112
P81095048401;P8109501;P8109501;P81095;17336112
P81095051101;P8109501;P8109501;P81095;17336112
P81095060101;P8109501;P8109501;P81095;17336112
P81095196102;P8109501;P8109501;P81095;17336112
P81095196103;P8109501;P8109501;P81095;17336112
P81095199101;P8109501;P8109501;P81095;17336112
P81095201101;P8109501;P8109501;P81095;17336112
P81095202101;P8109501;P8109501;P81095;17336112
P81095203101;P8109501;P8109501;P81095;17336112
P81095613101;P8109501;P8109501;P81095;17336112
P81095707101;P8109501;P8109501;P81095;17336112
P81095708101;P8109501;P8109501;P81095;17336112
P81264001101;P8126401;P8126401;P81264;44444761
P81264004101;P8126401;P8126401;P81264;44444761
P81264007101;P8126401;P8126401;P81264;44444761
P81264009101;P8126401;P8126401;P81264;44444761
P81264009401;P8126401;P8126401;P81264;44444761
P81264010101;P8126401;P8126401;P81264;44444761
P81264010401;P8126401;P8126401;P81264;44444761
P81264011101;P8126401;P8126401;P81264;44444761
P81264011401;P8126401;P8126401;P81264;44444761
P81264012101;P8126401;P8126401;P81264;44444761
P81264012401;P8126401;P8126401;P81264;44444761
P81264014101;P8126401;P8126401;P81264;44444761
P81264014401;P8126401;P8126401;P81264;44444761
P81264025101;P8126401;P8126401;P81264;44444761
P81264051101;P8126401;P8126401;P81264;44444761
P81264201101;P8126401;P8126401;P81264;44444761
P81493205101;P8149301;P8149301;P81493;36186899
P81577001101;P8157701;P8157701;P81577;36597376
P81577003101;P8157701;P8157701;P81577;36597376
P81577004101;P8157701;P8157701;P81577;36597376
P81577005101;P8157701;P8157701;P81577;36597376
P81577005102;P8157705;P8157705;P81577;36597376
P81577007101;P8157701;P8157701;P81577;36597376
P81577009101;P8157701;P8157701;P81577;36597376
P81577009177;;P81577xx;P81577;36597376
P81577009401;P8157701;P8157701;P81577;36597376
P81577010101;P8157701;P8157701;P81577;36597376
P81577010177;;P81577xx;P81577;36597376
P81577010401;P8157701;P8157701;P81577;36597376
P81577013101;P8157701;P8157701;P81577;36597376
P81577013401;P8157701;P8157701;P81577;36597376
P81577014401;P8157701;P8157701;P81577;36597376
P81577015401;P8157701;P8157701;P81577;36597376
P81577019101;P8157701;P8157701;P81577;36597376
P81577025101;P8157701;P8157701;P81577;36597376
P81577027101;P8157701;P8157701;P81577;36597376
P81577051101;P8157701;P8157701;P81577;36597376
P81577193101;P8157704;P8157704;P81577;36597376
P81577196101;P8157701;P8157701;P81577;36597376
P81577201101;P8157701;P8157701;P81577;36597376
P81577202101;P8157701;P8157701;P81577;36597376
P81577203101;P8157701;P8157701;P81577;36597376
P81577205101;P8157701;P8157701;P81577;36597376
P81801009401;P8180101;P8180101;P81801;36339865
P81801010401;P8180101;P8180101;P81801;36339865
P81801012401;P8180101;P8180101;P81801;36339865
P81801193101;P8180103;P8180103;P81801;36339865
P81801205101;P8180101;P8180101;P81801;36339865
P81814015401;P8181401;P8181401;P81814;43842356
P81912048401;P8191202;P8191202;P81912;52398960
P82621048401;P8262103;P8262103;P82621;36587184
P82865015401;P8286501;P8286501;P82865;36267473
P82877048401;P8287702;P8287702;P82877;35911999
P82987001101;P8298701;P8298701;P82987;00610721
P82987007101;P8298701;P8298701;P82987;00610721
P82987009101;P8298701;P8298701;P82987;00610721
P82987009401;P8298701;P8298701;P82987;00610721
P82987010101;P8298701;P8298701;P82987;00610721
P82987010177;;P82987xx;P82987;00610721
P82987010401;P8298701;P8298701;P82987;00610721
P82987011401;P8298701;P8298701;P82987;00610721
P82987012401;P8298701;P8298701;P82987;00610721
P82987014401;P8298701;P8298701;P82987;00610721
P82987025101;P8298701;P8298701;P82987;00610721
P82987051101;P8298701;P8298701;P82987;00610721
P82987196101;P8298701;P8298701;P82987;00610721
P82987202101;P8298701;P8298701;P82987;00610721
P82987205101;P8298701;P8298701;P82987;00610721
P83138048401;P8313808;P8313808;P83138;45615951
P83216001103;P8321629;P8321629;P83216;35960884
P83216004102;P8321630;P8321630;P83216;35960884
P83216005101;P8321630;P8321630;P83216;35960884
P83216007102;P8321631;P8321631;P83216;35960884
P83216009103;P8321631;P8321631;P83216;35960884
P83216009178;;P83216xx;P83216;35960884
P83216009402;P8321631;P8321631;P83216;35960884
P83216010102;P8321601;P8321601;P83216;35960884
P83216010402;P8321601;P8321601;P83216;35960884
P83216011402;P8321601;P8321601;P83216;35960884
P83216013101;P8321601;P8321601;P83216;35960884
P83216019101;P8321632;P8321632;P83216;35960884
P83216025103;P8321601;P8321601;P83216;35960884
P83216043101;P8321632;P8321632;P83216;35960884
P83216051103;P8321631;P8321631;P83216;35960884
P83216196102;P8321629;P8321629;P83216;35960884
P83216203101;P8321631;P8321631;P83216;35960884
P83216205102;P8321601;P8321601;P83216;35960884
P83260012401;P8326002;P8326002;P83260;51185431
P83607193101;P8360703;P8360703;P83607;53374762
P83607620101;P8360702;P8360702;P83607;53374762
P83767060101;P8376706;P8376706;P83767;31256911
P83767193101;P8376704;P8376704;P83767;31256911
P83767205101;P8376706;P8376706;P83767;31256911
P83767620101;P8376705;P8376705;P83767;31256911
P84023001116;P8402301;P8402301;P84023;00738301
P84023003116;P8402301;P8402301;P84023;00738301
P84023004116;P8402301;P8402301;P84023;00738301
P84023005116;P8402301;P8402301;P84023;00738301
P84713010101;P8471320;P8471320;P84713;35768568
P84713010177;;P84713xx;P84713;35768568
P84713010401;P8471319;P8471319;P84713;35768568
P84713011101;P8471320;P8471320;P84713;35768568
P84713011103;P8471320;P8471320;P84713;35768568
P84713011177;;P84713xx;P84713;35768568
P84713011401;P8471319;P8471319;P84713;35768568
P84713011402;P8471327;P8471327;P84713;35768568
P85363001101;P8536301;P8536301;P85363;36597341
P85363004101;P8536301;P8536301;P85363;36597341
P85363005101;P8536301;P8536301;P85363;36597341
P85363005102;P8536303;P8536303;P85363;36597341
P85363007101;P8536301;P8536301;P85363;36597341
P85363009101;P8536301;P8536301;P85363;36597341
P85363009401;P8536301;P8536301;P85363;36597341
P85363010101;P8536301;P8536301;P85363;36597341
P85363010401;P8536301;P8536301;P85363;36597341
P85363011401;P8536301;P8536301;P85363;36597341
P85363013401;P8536301;P8536301;P85363;36597341
P85363025101;P8536301;P8536301;P85363;36597341
P85363027101;P8536301;P8536301;P85363;36597341
P85363051101;P8536301;P8536301;P85363;36597341
P85363196101;P8536301;P8536301;P85363;36597341
P85363201101;P8536301;P8536301;P85363;36597341
P85363202101;P8536301;P8536301;P85363;36597341
P85363205101;P8536301;P8536301;P85363;36597341
P85687001101;P8568701;P8568701;P85687;17336007
P85687001102;P8568701;P8568701;P85687;17336007
P85687002101;P8568701;P8568701;P85687;17336007
P85687004101;P8568701;P8568701;P85687;17336007
P85687005101;P8568701;P8568701;P85687;17336007
P85687007101;P8568701;P8568701;P85687;17336007
P85687009101;P8568701;P8568701;P85687;17336007
P85687009401;P8568701;P8568701;P85687;17336007
P85687010101;P8568701;P8568701;P85687;17336007
P85687010401;P8568701;P8568701;P85687;17336007
P85687011101;P8568701;P8568701;P85687;17336007
P85687011401;P8568701;P8568701;P85687;17336007
P85687012101;P8568701;P8568701;P85687;17336007
P85687012401;P8568701;P8568701;P85687;17336007
P85687013101;P8568701;P8568701;P85687;17336007
P85687013401;P8568701;P8568701;P85687;17336007
P85687014101;P8568701;P8568701;P85687;17336007
P85687014401;P8568701;P8568701;P85687;17336007
P85687015101;P8568701;P8568701;P85687;17336007
P85687015401;P8568701;P8568701;P85687;17336007
P85687019101;P8568701;P8568701;P85687;17336007
P85687025101;P8568701;P8568701;P85687;17336007
P85687027101;P8568701;P8568701;P85687;17336007
P85687037101;P8568701;P8568701;P85687;17336007
P85687038102;P8568701;P8568701;P85687;17336007
P85687038401;P8568701;P8568701;P85687;17336007
P85687043101;P8568701;P8568701;P85687;17336007
P85687048401;P8568701;P8568701;P85687;17336007
P85687049101;P8568701;P8568701;P85687;17336007
P85687051101;P8568701;P8568701;P85687;17336007
P85687068101;P8568701;P8568701;P85687;17336007
P85687070401;P8568701;P8568701;P85687;17336007
P85687196102;P8568701;P8568701;P85687;17336007
P85687197101;P8568701;P8568701;P85687;17336007
P85687199101;P8568701;P8568701;P85687;17336007
P85687201101;P8568701;P8568701;P85687;17336007
P85687202101;P8568701;P8568701;P85687;17336007
P85687203101;P8568701;P8568701;P85687;17336007
P85687602101;P8568701;P8568701;P85687;17336007
P85743048401;P8574301;P8574301;P85743;36549029
P86027001101;P8602701;P8602701;P86027;36119369
P86027027101;P8602702;P8602702;P86027;36119369
P86027196101;P8602701;P8602701;P86027;36119369
P86364105101;P8636401;P8636401;P86364;35581638
P86524015401;P8652401;P8652401;P86524;45917141
P86615003101;P8661502;P8661502;P86615;31714463
P86615027106;P8661502;P8661502;P86615;31714463
P86615027107;;P86615xx;P86615;31714463
P86615027108;;P86615xx;P86615;31714463
P86615156101;P8661502;P8661502;P86615;31714463
P86847015401;P8684701;P8684701;P86847;36203661
P86847015402;P8684705;P8684705;P86847;36203661
P87029010401;P8702901;P8702901;P87029;45725381
P87029011101;P8702901;P8702901;P87029;45725381
P87029011401;P8702901;P8702901;P87029;45725381
P87029025102;P8702901;P8702901;P87029;45725381
P87029027102;P8702901;P8702901;P87029;45725381
P87029038401;P8702901;P8702901;P87029;45725381
P87119009401;P8711901;P8711901;P87119;36119385
P87119010401;P8711901;P8711901;P87119;36119385
P87119011401;P8711901;P8711901;P87119;36119385
P87119013401;P8711901;P8711901;P87119;36119385
P87119205101;P8711901;P8711901;P87119;36119385
P87119620101;P8711905;P8711905;P87119;36119385
P87123001101;P8712301;P8712301;P87123;35582391
P87123205101;P8712302;P8712302;P87123;35582391
P87323009401;P8732301;P8732301;P87323;35752351
P87323012401;P8732301;P8732301;P87323;35752351
P87871010401;P8787103;P8787103;P87871;44775288
P87871011401;P8787104;P8787104;P87871;44775288
P88780001101;P8878001;P8878001;P88780;45736324
P88780007101;P8878001;P8878001;P88780;45736324
P88780009101;P8878001;P8878001;P88780;45736324
P88780009401;P8878001;P8878001;P88780;45736324
P88780010101;P8878001;P8878001;P88780;45736324
P88780010401;P8878001;P8878001;P88780;45736324
P88780011401;P8878001;P8878001;P88780;45736324
P88780012401;P8878001;P8878001;P88780;45736324
P88780025101;P8878001;P8878001;P88780;45736324
P88780051101;P8878001;P8878001;P88780;45736324
P88780193101;P8878001;P8878001;P88780;45736324
P88780196101;P8878001;P8878001;P88780;45736324
P88780202101;P8878001;P8878001;P88780;45736324
P88780205101;P8878001;P8878001;P88780;45736324
P89079009401;P8907901;P8907901;P89079;36202215
P89079010401;P8907901;P8907901;P89079;36202215
P89079012401;P8907901;P8907901;P89079;36202215
P89079109401;P8907901;P8907901;P89079;36202215
P89483002101;P8948301;P8948301;P89483;00606715
P89483007104;P8948301;P8948301;P89483;00606715
P89483014101;P8948301;P8948301;P89483;00606715
P89483014401;P8948301;P8948301;P89483;00606715
P89483104101;P8948301;P8948301;P89483;00606715
P89483107101;P8948301;P8948301;P89483;00606715
P89483107401;P8948301;P8948301;P89483;00606715
P89483203101;P8948301;P8948301;P89483;00606715
P89483323101;P8948301;P8948301;P89483;00606715
P89483329101;P8948301;P8948301;P89483;00606715
P89543047101;P8954301;P8954301;P89543;35562340
P89851025101;P8985101;P8985101;P89851;36601284
P89851025102;P8985101;P8985101;P89851;36601284
P89851049101;P8985101;P8985101;P89851;36601284
P89851049102;P8985101;P8985101;P89851;36601284
P89851049103;P8985101;P8985101;P89851;36601284
P89851056101;P8985101;P8985101;P89851;36601284
P89851056102;P8985101;P8985101;P89851;36601284
P89851068101;P8985101;P8985101;P89851;36601284
P89851068102;P8985101;P8985101;P89851;36601284
P89851068401;P8985101;P8985101;P89851;36601284
P89851069101;P8985101;P8985101;P89851;36601284
P89851197101;P8985101;P8985101;P89851;36601284
P89851278101;P8985101;P8985101;P89851;36601284
P89851278102;P8985101;P8985101;P89851;36601284
P89851668101;P8985101;P8985101;P89851;36601284
P90032015401;P9003201;P9003201;P90032;46723901
P90032015402;P9003209;P9003209;P90032;46723901
P90264010401;P9026401;P9026401;P90264;45897131
P90264038401;P9026401;P9026401;P90264;45897131
P91151001101;P9115101;P9115101;P91151;31936415
P91151002101;P9115101;P9115101;P91151;31936415
P91151004101;P9115101;P9115101;P91151;31936415
P91151005101;P9115101;P9115101;P91151;31936415
P91151007101;P9115101;P9115101;P91151;31936415
P91151009101;P9115101;P9115101;P91151;31936415
P91151009177;;P91151xx;P91151;31936415
P91151009402;P9115101;P9115101;P91151;31936415
P91151010101;P9115101;P9115101;P91151;31936415
P91151010177;;P91151xx;P91151;31936415
P91151010403;P9115101;P9115101;P91151;31936415
P91151011101;P9115101;P9115101;P91151;31936415
P91151011402;P9115101;P9115101;P91151;31936415
P91151013101;P9115101;P9115101;P91151;31936415
P91151013402;P9115101;P9115101;P91151;31936415
P91151014101;P9115101;P9115101;P91151;31936415
P91151014402;P9115101;P9115101;P91151;31936415
P91151015101;P9115101;P9115101;P91151;31936415
P91151015401;P9115101;P9115101;P91151;31936415
P91151018101;P9115101;P9115101;P91151;31936415
P91151019101;P9115101;P9115101;P91151;31936415
P91151025101;P9115101;P9115101;P91151;31936415
P91151037101;P9115101;P9115101;P91151;31936415
P91151043101;P9115101;P9115101;P91151;31936415
P91151048402;P9115101;P9115101;P91151;31936415
P91151049101;P9115101;P9115101;P91151;31936415
P91151051101;P9115101;P9115101;P91151;31936415
P91151060101;P9115101;P9115101;P91151;31936415
P91151068101;P9115101;P9115101;P91151;31936415
P91151098101;P9115101;P9115101;P91151;31936415
P91151192101;P9115101;P9115101;P91151;31936415
P91151196101;P9115101;P9115101;P91151;31936415
P91151201101;P9115101;P9115101;P91151;31936415
P91151202101;P9115101;P9115101;P91151;31936415
P91151205101;P9115172;P9115172;P91151;31936415
P91151604101;P9115101;P9115101;P91151;31936415
P91151613101;P9115101;P9115101;P91151;31936415
P91151637101;P9115101;P9115101;P91151;31936415
P91151668101;P9115101;P9115101;P91151;31936415
P91335048401;P9133502;P9133502;P91335;36349917
P92173009401;P9217301;P9217301;P92173;50011472
P92173010401;P9217301;P9217301;P92173;50011472
P92173011401;P9217301;P9217301;P92173;50011472
P92173012401;P9217301;P9217301;P92173;50011472
P92637048401;P9263704;P9263704;P92637;47175371
P93083001101;P9308301;P9308301;P93083;36084221
P93083007101;P9308301;P9308301;P93083;36084221
P93083009101;P9308301;P9308301;P93083;36084221
P93083009401;P9308301;P9308301;P93083;36084221
P93083010101;P9308301;P9308301;P93083;36084221
P93083010401;P9308301;P9308301;P93083;36084221
P93083011101;P9308301;P9308301;P93083;36084221
P93083011401;P9308301;P9308301;P93083;36084221
P93083012401;P9308301;P9308301;P93083;36084221
P93083025101;P9308301;P9308301;P93083;36084221
P93083027101;P9308301;P9308301;P93083;36084221
P93083051101;P9308301;P9308301;P93083;36084221
P93083196101;P9308301;P9308301;P93083;36084221
P93167193101;P9316706;P9316706;P93167;31257917
P93319009401;P9331904;P9331904;P93319;35873302
P93319012402;P9331917;P9331917;P93319;35873302
P93329011401;P9332901;P9332901;P93329;36077739
P93329039101;P9332901;P9332901;P93329;36077739
P94462048401;P9446201;P9446201;P94462;47236311
P97499011401;P9749902;P9749902;P97499;54021022
P97554001101;P9755401;P9755401;P97554;47249099
P97554004101;P9755401;P9755401;P97554;47249099
P97554005101;P9755401;P9755401;P97554;47249099
P97554007101;P9755401;P9755401;P97554;47249099
P97554009401;P9755401;P9755401;P97554;47249099
P97554010101;P9755401;P9755401;P97554;47249099
P97554010401;P9755401;P9755401;P97554;47249099
P97554025101;P9755401;P9755401;P97554;47249099
P97554027101;P9755401;P9755401;P97554;47249099
P97554060101;P9755401;P9755401;P97554;47249099
P97554192101;P9755401;P9755401;P97554;47249099
P97554196101;P9755401;P9755401;P97554;47249099
P97554201101;P9755401;P9755401;P97554;47249099
P97554202101;P9755401;P9755401;P97554;47249099
P99327009401;P9932701;P9932701;P99327;50440187
P99795205101;P9979505;P9979505;P99795;36554502
